time,seconds_elapsed,z,y,x
1761476138136281000,0.096281005859375,-0.02202732115983963,-0.17077279090881348,0.013278637081384659
1761476138146317000,0.106317138671875,-0.03457732871174812,-0.2843030095100403,0.0486101396381855
1761476138156353000,0.11635302734375,-0.060462187975645065,-0.2522753179073334,0.1246255487203598
1761476138166389000,0.126388916015625,-0.07280991971492767,-0.17100802063941956,0.17892402410507202
1761476138176425000,0.136425048828125,-0.05351264774799347,-0.1660260409116745,0.1929149478673935
1761476138186461000,0.1464609375,-0.02766086719930172,-0.23329013586044312,0.20157401263713837
1761476138196497000,0.156496826171875,-0.0024710921570658684,-0.3222988545894623,0.2638150155544281
1761476138206534000,0.166533935546875,0.06527147442102432,-0.2938838601112366,0.3839449882507324
1761476138216569900,0.17656982421875,0.11477936804294586,-0.257803350687027,0.49405017495155334
1761476138226606000,0.186606201171875,0.05164007842540741,-0.20565611124038696,0.46590232849121094
1761476138236642000,0.19664208984375,0.09034939110279083,-0.4189012944698334,0.3441567122936249
1761476138246678000,0.206677978515625,0.1342526227235794,-0.1998741179704666,0.29524651169776917
1761476138256714000,0.2167138671875,0.09619152545928955,0.14302277565002441,0.17902804911136627
1761476138266751000,0.2267509765625,0.007574466057121754,0.24526211619377136,0.028405915945768356
1761476138276787000,0.236786865234375,-0.04916204884648323,0.1070733591914177,-0.07135609537363052
1761476138286823000,0.246822998046875,-0.08761478215456009,-0.21459165215492249,-0.15894077718257904
1761476138296863000,0.256863037109375,-0.09602265059947968,-0.5562763214111328,-0.18457449972629547
1761476138306899000,0.26689892578125,-0.09995771944522858,-0.8571868538856506,-0.10714103281497955
1761476138316935200,0.27693505859375,-0.15613870322704315,-0.9875594973564148,0.06229352578520775
1761476138326971100,0.28697119140625,-0.34189653396606445,-0.8678112030029297,0.2306331992149353
1761476138337007900,0.2970078125,-0.5839301943778992,-0.6298338174819946,0.43097561597824097
1761476138347044000,0.307044189453125,-0.7543281316757202,-0.534235954284668,0.5872257947921753
1761476138357080000,0.317080078125,-0.7881231307983398,-0.7229344844818115,0.6091635823249817
1761476138367116000,0.327115966796875,-0.7242710590362549,-0.9819335341453552,0.5356175303459167
1761476138377152000,0.337152099609375,-0.6255338191986084,-1.1144328117370605,0.467753529548645
1761476138387188000,0.34718798828125,-0.5129147171974182,-1.0919138193130493,0.4434712827205658
1761476138397225000,0.357224853515625,-0.4035821557044983,-1.0063669681549072,0.4471682906150818
1761476138407261000,0.367260986328125,-0.3362034857273102,-0.9618532657623291,0.4448789358139038
1761476138417297000,0.377296875,-0.3288331925868988,-0.9688648581504822,0.4080418348312378
1761476138427332900,0.387332763671875,-0.3522578477859497,-0.9877851605415344,0.32599377632141113
1761476138437368800,0.397368896484375,-0.35455137491226196,-0.8134434223175049,0.23515203595161438
1761476138447404800,0.40740478515625,-0.33885595202445984,-0.4937736988067627,0.1655244082212448
1761476138457441000,0.41744091796875,-0.25371497869491577,-0.009599016979336739,-0.003931723535060883
1761476138467478000,0.42747802734375,-0.025696013122797012,0.04908484220504761,-0.23530389368534088
1761476138477514000,0.437513916015625,0.29798591136932373,-0.06453680247068405,-0.48994284868240356
1761476138487550000,0.447550048828125,0.6031045317649841,-0.05504647642374039,-0.7646311521530151
1761476138497586000,0.4575859375,0.8572342395782471,-0.03637292608618736,-1.0343462228775024
1761476138507622000,0.467621826171875,0.9963346719741821,-0.10460219532251358,-1.2652430534362793
1761476138517658000,0.477658203125,1.0224634408950806,-0.34252846240997314,-1.397287368774414
1761476138527694000,0.487694091796875,0.9909056425094604,-0.7186817526817322,-1.492497205734253
1761476138537730800,0.497730712890625,0.9177797436714172,-1.2200528383255005,-1.5204719305038452
1761476138547767000,0.50776708984375,0.8332743048667908,-1.7665488719940186,-1.4442871809005737
1761476138557803000,0.517802978515625,0.713124692440033,-2.1607882976531982,-1.2538015842437744
1761476138567839000,0.5278388671875,0.5888450741767883,-2.2259771823883057,-1.040020227432251
1761476138577875000,0.537875,0.4595129191875458,-1.9984509944915771,-0.8100088834762573
1761476138587911000,0.547910888671875,0.40095028281211853,-1.6421902179718018,-0.6304783821105957
1761476138597948200,0.5579482421875,0.4295569062232971,-1.3269531726837158,-0.48211556673049927
1761476138607984000,0.567984130859375,0.44796139001846313,-1.1041663885116577,-0.3683329224586487
1761476138618020000,0.57802001953125,0.36263105273246765,-0.934403657913208,-0.3128446340560913
1761476138628056000,0.58805615234375,0.15715226531028748,-0.8572512865066528,-0.2343587875366211
1761476138638092000,0.598092041015625,-0.05078282952308655,-0.854704737663269,-0.08197935670614243
1761476138648128000,0.6081279296875,-0.19054965674877167,-0.7896811962127686,0.15980181097984314
1761476138658164000,0.6181640625,-0.2850724458694458,-0.7075133323669434,0.46036189794540405
1761476138668201000,0.628200927734375,-0.34879446029663086,-0.6459192633628845,0.7269527316093445
1761476138678237000,0.63823681640625,-0.39679181575775146,-0.43905821442604065,0.9204708337783813
1761476138688273000,0.64827294921875,-0.3849831223487854,-0.07198603451251984,0.996080756187439
1761476138698308900,0.658308837890625,-0.26158472895622253,0.26957184076309204,0.7745089530944824
1761476138708344800,0.6683447265625,0.009037578478455544,0.27051544189453125,0.16931268572807312
1761476138718381000,0.678381103515625,0.179135262966156,-0.4538033902645111,-0.5797204971313477
1761476138728417800,0.688417724609375,0.22050635516643524,-1.285135269165039,-1.2055225372314453
1761476138738453800,0.698453857421875,0.004238240420818329,-1.8322728872299194,-1.473084807395935
1761476138748490000,0.708489990234375,-0.42408061027526855,-2.425095796585083,-1.3206841945648193
1761476138758526200,0.718526123046875,-0.817956268787384,-2.7525150775909424,-0.7051957249641418
1761476138768562200,0.728562255859375,-1.0267263650894165,-2.647402048110962,0.14578361809253693
1761476138778598100,0.73859814453125,-1.0097955465316772,-2.221435546875,0.6945367455482483
1761476138788634000,0.748634033203125,-0.8215702772140503,-1.577741026878357,0.6683458685874939
1761476138798671000,0.758671142578125,-0.46743035316467285,-0.8518304228782654,0.26201486587524414
1761476138808707000,0.76870703125,-0.05371835082769394,-0.24228866398334503,-0.1459486335515976
1761476138818743000,0.778742919921875,0.25646188855171204,0.10925710946321487,-0.2814446687698364
1761476138828779000,0.788779052734375,0.36333903670310974,0.07401364296674728,-0.14597730338573456
1761476138838815000,0.79881494140625,0.2916017174720764,-0.29174888134002686,0.19118660688400269
1761476138848851000,0.808850830078125,0.1497226357460022,-0.765735387802124,0.6086171269416809
1761476138858888000,0.818887939453125,-0.001333464402705431,-1.1047065258026123,0.9190967082977295
1761476138868924000,0.828923828125,-0.08562871813774109,-1.260466456413269,0.9911447763442993
1761476138878959900,0.8389599609375,-0.06964895874261856,-1.392027735710144,0.8733609318733215
1761476138888995800,0.848995849609375,-0.0019577862694859505,-1.499206304550171,0.6570671796798706
1761476138899031800,0.85903173828125,0.04102270305156708,-1.5589429140090942,0.43445807695388794
1761476138909067800,0.86906787109375,0.012381913140416145,-1.6533480882644653,0.2626607418060303
1761476138919105000,0.87910498046875,-0.09119641035795212,-1.7147095203399658,0.1542396992444992
1761476138929141000,0.88914111328125,-0.24431411921977997,-1.6423587799072266,0.10959099233150482
1761476138939177000,0.899177001953125,-0.39776867628097534,-1.4163850545883179,0.08066826313734055
1761476138949213000,0.909212890625,-0.5468260049819946,-1.0542041063308716,-0.004146110266447067
1761476138959249000,0.919248779296875,-0.6516402959823608,-0.6339426636695862,-0.15589675307273865
1761476138969285000,0.92928515625,-0.6869468092918396,-0.21583089232444763,-0.34602293372154236
1761476138979321000,0.939321044921875,-0.6689140200614929,0.1437499076128006,-0.5041302442550659
1761476138989357800,0.94935791015625,-0.6534262299537659,0.39191633462905884,-0.5666099786758423
1761476138999394000,0.95939404296875,-0.6790993213653564,0.5207398533821106,-0.4976591467857361
1761476139009430000,0.969429931640625,-0.7263022065162659,0.5724455118179321,-0.29318520426750183
1761476139019466000,0.979466064453125,-0.7633361220359802,0.6365759968757629,0.014870909042656422
1761476139029502000,0.989501953125,-0.7619698643684387,0.7231290936470032,0.35515618324279785
1761476139039538000,0.999537841796875,-0.7186650037765503,0.8070961833000183,0.695845901966095
1761476139049575200,1.0095751953125,-0.654451310634613,0.8708714842796326,1.0026934146881104
1761476139059611100,1.019611083984375,-0.5761929750442505,0.8971230983734131,1.2466256618499756
1761476139069647000,1.029647216796875,-0.47059905529022217,0.8910070657730103,1.4220672845840454
1761476139079683000,1.03968310546875,-0.3455822765827179,0.8628768920898438,1.5271668434143066
1761476139089719000,1.049718994140625,-0.2108868956565857,0.8528099656105042,1.556728482246399
1761476139099755000,1.059755126953125,-0.06637284904718399,0.875460684299469,1.517143964767456
1761476139109792000,1.0697919921875,0.07917488366365433,0.8724233508110046,1.3951704502105713
1761476139119828000,1.079827880859375,0.21560008823871613,0.8637707829475403,1.2002155780792236
1761476139129864000,1.089864013671875,0.3095322847366333,0.8176328539848328,0.9512408375740051
1761476139139900000,1.09989990234375,0.3421648144721985,0.7392290830612183,0.6830556988716125
1761476139149935900,1.109935791015625,0.3148568272590637,0.6749585866928101,0.42286697030067444
1761476139159971800,1.119971923828125,0.23718570172786713,0.694547176361084,0.17914724349975586
1761476139170008800,1.1300087890625,0.14249540865421295,0.7229472994804382,0.009054797701537609
1761476139180044800,1.140044921875,0.05661565810441971,0.7588437795639038,-0.07267095893621445
1761476139190080800,1.150080810546875,-0.009423855692148209,0.7989505529403687,-0.10484327375888824
1761476139200117000,1.160116943359375,-0.05461237579584122,0.7692257165908813,-0.12155407667160034
1761476139210153000,1.170153076171875,-0.0895383432507515,0.7342537045478821,-0.1304115653038025
1761476139220189200,1.180189208984375,-0.12824179232120514,0.6656072735786438,-0.10114528238773346
1761476139230226000,1.190225830078125,-0.1652616709470749,0.7230029702186584,-0.03620731458067894
1761476139240262100,1.20026220703125,-0.198500856757164,0.856944739818573,0.0393684022128582
1761476139250298000,1.210298095703125,-0.2286405861377716,1.112492561340332,0.09958033263683319
1761476139260334000,1.220333984375,-0.2614976167678833,1.4228780269622803,0.09752757102251053
1761476139270370000,1.2303701171875,-0.2498614490032196,1.5941170454025269,0.071312315762043
1761476139280406000,1.240406005859375,-0.17512543499469757,1.5763055086135864,0.12218482047319412
1761476139290439200,1.250439208984375,-0.05385546013712883,1.5009229183197021,0.2249295711517334
1761476139300475100,1.26047509765625,0.16145578026771545,1.1606694459915161,0.2906140387058258
1761476139310511000,1.270510986328125,0.3516475558280945,0.6230554580688477,0.13239361345767975
1761476139320547300,1.28054736328125,0.36128902435302734,-0.13757851719856262,-0.23432952165603638
1761476139330583300,1.290583251953125,0.15235620737075806,-0.9312219023704529,-0.6522626280784607
1761476139340619300,1.300619384765625,-0.17933891713619232,-1.5295367240905762,-0.9730941653251648
1761476139350656300,1.31065625,-0.45517897605895996,-1.6670873165130615,-1.015270471572876
1761476139360692200,1.320692138671875,-0.6105829477310181,-1.1096326112747192,-0.8363022208213806
1761476139370728200,1.330728271484375,-0.6039085388183594,-0.0031861714087426662,-0.6739271283149719
1761476139380764200,1.34076416015625,-0.41033026576042175,1.155748724937439,-0.6210290193557739
1761476139390800100,1.350800048828125,-0.0961698591709137,1.9586011171340942,-0.6334115266799927
1761476139400836400,1.36083642578125,0.16369900107383728,2.2722203731536865,-0.6588820219039917
1761476139410873000,1.370873046875,0.27533480525016785,2.1477441787719727,-0.6522498726844788
1761476139420909000,1.380908935546875,0.30233338475227356,1.5474824905395508,-0.6148257851600647
1761476139430945300,1.3909453125,0.28662362694740295,0.5390405058860779,-0.588492214679718
1761476139440981200,1.400981201171875,0.24982379376888275,-0.589658796787262,-0.6010604500770569
1761476139451017200,1.411017333984375,0.16499540209770203,-1.4613016843795776,-0.72630774974823
1761476139461053200,1.42105322265625,0.045519083738327026,-1.7905908823013306,-0.9154012203216553
1761476139471090400,1.43109033203125,-0.015110798180103302,-1.6603477001190186,-1.121450424194336
1761476139481126400,1.44112646484375,0.0017203791067004204,-1.3098629713058472,-1.3754608631134033
1761476139491162400,1.451162353515625,0.07160899043083191,-0.9124262928962708,-1.7148680686950684
1761476139501198300,1.4611982421875,0.19031833112239838,-0.5710607171058655,-1.9841454029083252
1761476139511234300,1.471234375,0.34541189670562744,-0.3703433573246002,-2.0181257724761963
1761476139521270300,1.481270263671875,0.4663630723953247,-0.33273181319236755,-1.8048253059387207
1761476139531307300,1.491307373046875,0.5250851511955261,-0.41925811767578125,-1.4258607625961304
1761476139541343200,1.50134326171875,0.45352548360824585,-0.21564000844955444,-1.085006833076477
1761476139551379200,1.511379150390625,0.4024921953678131,-0.3174927830696106,-0.6592327952384949
1761476139561415200,1.521415283203125,0.2932594418525696,-0.451614111661911,-0.19243179261684418
1761476139571451100,1.531451171875,0.1288796067237854,-0.573441743850708,0.24901096522808075
1761476139581487000,1.541487060546875,-0.05539676174521446,-0.5454937219619751,0.6262269616127014
1761476139591524000,1.551524169921875,-0.20584358274936676,-0.35304024815559387,0.8748498558998108
1761476139601560000,1.56156005859375,-0.3071174621582031,-0.07123145461082458,1.0355011224746704
1761476139611596300,1.57159619140625,-0.3498651087284088,0.23354627192020416,1.1421412229537964
1761476139621632300,1.58163232421875,-0.3330336809158325,0.472227543592453,1.2250778675079346
1761476139631668200,1.591668212890625,-0.2735415995121002,0.6238074898719788,1.3064169883728027
1761476139641704400,1.601704345703125,-0.19635598361492157,0.6775245070457458,1.3729115724563599
1761476139651741200,1.6117412109375,-0.12420689314603806,0.679945170879364,1.4154599905014038
1761476139661777200,1.621777099609375,-0.07904607802629471,0.6398142576217651,1.4192105531692505
1761476139671813400,1.6318134765625,-0.06500962376594543,0.5916479229927063,1.3604179620742798
1761476139681849300,1.641849365234375,-0.07936033606529236,0.5661832690238953,1.2572194337844849
1761476139691885300,1.65188525390625,-0.08996263891458511,0.5581750273704529,1.1191364526748657
1761476139701922300,1.66192236328125,-0.10311891883611679,0.5391477942466736,0.9535147547721863
1761476139711958300,1.671958251953125,-0.11758098006248474,0.5241442322731018,0.8058722615242004
1761476139721994200,1.681994140625,-0.11879511177539825,0.5155033469200134,0.6912636756896973
1761476139732030200,1.6920302734375,-0.11266867816448212,0.49405592679977417,0.5880758166313171
1761476139742066200,1.702066162109375,-0.10997621715068817,0.44752490520477295,0.4892232418060303
1761476139752102100,1.71210205078125,-0.10124510526657104,0.4115867614746094,0.419992059469223
1761476139762139400,1.722139404296875,-0.07948814332485199,0.38713282346725464,0.3699108064174652
1761476139772175400,1.73217529296875,-0.05453132838010788,0.3869818150997162,0.3713645935058594
1761476139782211300,1.74221142578125,-0.04617832601070404,0.38790830969810486,0.39327549934387207
1761476139792247300,1.752247314453125,-0.049991607666015625,0.36085429787635803,0.42669016122817993
1761476139802283300,1.762283203125,-0.0579584576189518,0.370164692401886,0.4692855477333069
1761476139812320300,1.7723203125,-0.07539784908294678,0.41222476959228516,0.5262583494186401
1761476139822356200,1.782356201171875,-0.08392263203859329,0.4932378828525543,0.5898948311805725
1761476139832392200,1.79239208984375,-0.07663792371749878,0.5437208414077759,0.641322672367096
1761476139842428200,1.80242822265625,-0.05905599892139435,0.5701484084129333,0.6865402460098267
1761476139852464000,1.812464111328125,-0.011216262355446815,0.6175609827041626,0.73273766040802
1761476139862500000,1.8225,0.09241745620965958,0.6961292624473572,0.7538333535194397
1761476139872537000,1.832537109375,0.22723545134067535,0.7830250859260559,0.719455897808075
1761476139882573000,1.842572998046875,0.3633080720901489,0.6585124731063843,0.5349339842796326
1761476139892609000,1.852609130859375,0.4269203245639801,0.16303923726081848,0.16626161336898804
1761476139902645000,1.86264501953125,0.4145997166633606,-0.48811906576156616,-0.265530526638031
1761476139912681200,1.87268115234375,0.2975143492221832,-0.9976052641868591,-0.569888174533844
1761476139922717400,1.882717529296875,0.04400325566530228,-1.1744062900543213,-0.6442327499389648
1761476139932754200,1.892754150390625,-0.2776062786579132,-0.8888227939605713,-0.4664752781391144
1761476139942790100,1.9027900390625,-0.45734888315200806,-0.1196502149105072,-0.20641332864761353
1761476139952826400,1.912826416015625,-0.3737049996852875,0.7659473419189453,-0.0740174949169159
1761476139962862300,1.9228623046875,-0.12111643701791763,1.4597415924072266,-0.13215084373950958
1761476139972898300,1.932898193359375,0.13522350788116455,1.8915740251541138,-0.23241296410560608
1761476139982935300,1.942935302734375,0.2793103754520416,1.9186447858810425,-0.2659400403499603
1761476139992971300,1.95297119140625,0.3072001039981842,1.5220338106155396,-0.24989847838878632
1761476140003007200,1.96300732421875,0.25588154792785645,0.8675931096076965,-0.20636671781539917
1761476140013043200,1.973043212890625,0.19444118440151215,0.12003309279680252,-0.1626696139574051
1761476140023079200,1.9830791015625,0.14305202662944794,-0.5582063794136047,-0.15649719536304474
1761476140033115100,1.993115234375,0.07960768789052963,-1.0744222402572632,-0.20931801199913025
1761476140043152400,2.00315234375,-0.00948277022689581,-1.4230276346206665,-0.3123916685581207
1761476140053188400,2.013188232421875,-0.12452604621648788,-1.5538781881332397,-0.47761186957359314
1761476140063224300,2.023224365234375,-0.22405610978603363,-1.505228877067566,-0.6648576259613037
1761476140073260300,2.03326025390625,-0.2716658115386963,-1.3822084665298462,-0.8439371585845947
1761476140083296300,2.043296142578125,-0.2234458029270172,-1.292609691619873,-0.989991307258606
1761476140093333200,2.053333251953125,-0.10255333036184311,-1.2642614841461182,-1.0952776670455933
1761476140103369200,2.063369140625,0.028293898329138756,-1.2573522329330444,-1.1612790822982788
1761476140113405200,2.0734052734375,0.14488297700881958,-1.217869520187378,-1.2054799795150757
1761476140123441200,2.083441162109375,0.22476503252983093,-1.0438882112503052,-1.1614434719085693
1761476140133477000,2.09347705078125,0.26625025272369385,-0.7821628451347351,-0.9727458953857422
1761476140143513000,2.10351318359375,0.2557739317417145,-0.4870787560939789,-0.6598095297813416
1761476140153550000,2.113550048828125,0.20188818871974945,-0.1966918557882309,-0.282475084066391
1761476140163586000,2.1235859375,0.12072435021400452,0.0945168137550354,0.10047521442174911
1761476140173622000,2.1336220703125,0.04413791000843048,0.40131473541259766,0.4687979221343994
1761476140183658200,2.143658203125,0.00550156831741333,0.6626735925674438,0.804685115814209
1761476140193694200,2.153694091796875,-0.01912837103009224,0.8529970645904541,1.0713226795196533
1761476140203731200,2.163731201171875,-0.02628162130713463,0.9481467604637146,1.255976915359497
1761476140213767200,2.17376708984375,-0.007759169675409794,0.9539772868156433,1.3600144386291504
1761476140223803400,2.183803466796875,0.03857344016432762,0.8882414102554321,1.3877710103988647
1761476140233839400,2.19383935546875,0.09555162489414215,0.8042764067649841,1.3405373096466064
1761476140243875300,2.203875244140625,0.13789935410022736,0.7559893131256104,1.2247920036315918
1761476140253912300,2.213912353515625,0.15702489018440247,0.7868291139602661,1.048250675201416
1761476140263948300,2.2239482421875,0.1537630409002304,0.8478384017944336,0.8649826049804688
1761476140273984300,2.233984375,0.13210776448249817,0.8971176743507385,0.6757805943489075
1761476140284020200,2.244020263671875,0.09680330753326416,0.9744210243225098,0.5061891674995422
1761476140294059300,2.254059326171875,0.061750683933496475,1.0428688526153564,0.3571975827217102
1761476140304095200,2.26409521484375,0.03830394893884659,1.062207579612732,0.2390994429588318
1761476140314132200,2.27413232421875,0.014169461093842983,1.0430947542190552,0.14638133347034454
1761476140324168200,2.284168212890625,0.020241200923919678,1.0057194232940674,0.09821967035531998
1761476140334204200,2.2942041015625,0.04650996997952461,0.9328083395957947,0.08991945534944534
1761476140344240000,2.304240234375,0.07908708602190018,0.8560051918029785,0.12052477151155472
1761476140354276000,2.314276123046875,0.10767566412687302,0.8092970252037048,0.18094049394130707
1761476140364313300,2.324313232421875,0.1392493098974228,0.7864023447036743,0.2321874350309372
1761476140374349300,2.334349365234375,0.17253530025482178,0.7741649150848389,0.23736022412776947
1761476140384385300,2.34438525390625,0.1887265145778656,0.8015709519386292,0.20448589324951172
1761476140394421200,2.354421142578125,0.13602153956890106,1.0294439792633057,0.18330499529838562
1761476140404457200,2.364457275390625,0.05720129236578941,1.2517398595809937,0.1951853632926941
1761476140414494200,2.374494140625,0.012845931574702263,1.2005367279052734,0.3308993875980377
1761476140424530200,2.3845302734375,-0.024394381791353226,1.1306543350219727,0.5781627297401428
1761476140434566100,2.394566162109375,-0.02862882986664772,1.1689062118530273,0.9306549429893494
1761476140444602400,2.404602294921875,0.07296756654977798,1.2747093439102173,1.3741950988769531
1761476140454638300,2.414638427734375,0.19201070070266724,1.3466333150863647,1.693641185760498
1761476140464675000,2.424675048828125,0.22523337602615356,1.0164718627929688,1.5754812955856323
1761476140474711300,2.434711181640625,0.10276733338832855,0.3283248841762543,1.003179907798767
1761476140484747300,2.444747314453125,-0.18782934546470642,-0.3531380891799927,0.3328118920326233
1761476140494783200,2.454783203125,-0.5541563630104065,-0.9306631684303284,-0.19566237926483154
1761476140504819200,2.464819091796875,-0.8304734230041504,-1.2686749696731567,-0.45916593074798584
1761476140514856400,2.4748564453125,-0.9318638443946838,-1.0127034187316895,-0.5154511332511902
1761476140524892400,2.484892333984375,-0.8931260108947754,-0.19294385612010956,-0.5857180953025818
1761476140534928400,2.494928466796875,-0.7613524794578552,0.8692960739135742,-0.7602242231369019
1761476140544964400,2.50496435546875,-0.5765746235847473,1.7308971881866455,-1.009488821029663
1761476140555000300,2.515000244140625,-0.39693254232406616,2.149571418762207,-1.2230392694473267
1761476140565036300,2.525036376953125,-0.26691994071006775,2.1051242351531982,-1.325446605682373
1761476140575073300,2.5350732421875,-0.20258554816246033,1.6301037073135376,-1.274423360824585
1761476140585109200,2.545109130859375,-0.15995019674301147,0.8365646004676819,-1.0930067300796509
1761476140595145200,2.555145263671875,-0.10650721937417984,-0.037794023752212524,-0.86692214012146
1761476140605181200,2.56518115234375,-0.06016475334763527,-0.7714408040046692,-0.7161880135536194
1761476140615217200,2.575217041015625,-0.022048361599445343,-1.3340953588485718,-0.7052723169326782
1761476140625254100,2.585254150390625,0.014523232355713844,-1.7251315116882324,-0.7808302044868469
1761476140635290400,2.595290283203125,0.05476478114724159,-1.8894927501678467,-0.8721463084220886
1761476140645326300,2.605326416015625,0.0875653475522995,-1.8801418542861938,-0.9627305269241333
1761476140655362300,2.6153623046875,0.12627136707305908,-1.7907626628875732,-1.0472196340560913
1761476140665398300,2.625398193359375,0.15019214153289795,-1.6547373533248901,-1.1163188219070435
1761476140675435300,2.635435302734375,0.1526401937007904,-1.4916367530822754,-1.144450068473816
1761476140685471200,2.64547119140625,0.13125315308570862,-1.3394643068313599,-1.1406875848770142
1761476140695507200,2.655507080078125,0.08225269615650177,-1.1894795894622803,-1.1381858587265015
1761476140705543200,2.665543212890625,0.014342091977596283,-0.9988657236099243,-1.0963404178619385
1761476140715579400,2.675579345703125,-0.05659829080104828,-0.7589071989059448,-0.9850165843963623
1761476140725616000,2.6856162109375,-0.09810817986726761,-0.49875789880752563,-0.7720857262611389
1761476140735652000,2.695652099609375,-0.11568837612867355,-0.2371249794960022,-0.4784909188747406
1761476140745688300,2.705688232421875,-0.11324172466993332,0.033007167279720306,-0.13831815123558044
1761476140755724300,2.715724365234375,-0.08941970765590668,0.28612199425697327,0.20238837599754333
1761476140765760300,2.72576025390625,-0.051566075533628464,0.4752335846424103,0.5046715140342712
1761476140775797200,2.73579736328125,-0.0121335843577981,0.6050849556922913,0.7498002052307129
1761476140785833500,2.74583349609375,0.032632023096084595,0.6936374306678772,0.9549741148948669
1761476140795869400,2.755869384765625,0.07877235859632492,0.726712167263031,1.1103678941726685
1761476140805905400,2.765905517578125,0.11142697185277939,0.6896300911903381,1.1940891742706299
1761476140815941400,2.77594140625,0.12831947207450867,0.6213998198509216,1.2160897254943848
1761476140825978400,2.785978271484375,0.13144603371620178,0.5534846782684326,1.1816489696502686
1761476140836014300,2.796014404296875,0.12336539477109909,0.4933478832244873,1.098871111869812
1761476140846050300,2.80605029296875,0.10127793252468109,0.4309651851654053,0.9763845801353455
1761476140856086300,2.816086181640625,0.07834517955780029,0.3794659376144409,0.8328199982643127
1761476140866123300,2.826123291015625,0.07201164960861206,0.34029802680015564,0.6868417263031006
1761476140876159200,2.8361591796875,0.06247713416814804,0.33241236209869385,0.5489463210105896
1761476140886195200,2.8461953125,0.008695658296346664,0.34065350890159607,0.40147915482521057
1761476140896231200,2.856231201171875,-0.029525168240070343,0.37325918674468994,0.299104779958725
1761476140906267100,2.86626708984375,-0.044469498097896576,0.4320649802684784,0.2573077976703644
1761476140916303000,2.87630322265625,-0.03821174055337906,0.4975983798503876,0.279564768075943
1761476140926340400,2.88634033203125,-0.02450711652636528,0.5294199585914612,0.3214251399040222
1761476140936376300,2.896376220703125,-0.04188906401395798,0.5158291459083557,0.33217653632164
1761476140946412300,2.906412353515625,-0.09376025199890137,0.48590371012687683,0.3054101765155792
1761476140956448300,2.9164482421875,-0.13586078584194183,0.49634358286857605,0.3014681339263916
1761476140966485200,2.9264853515625,-0.11027659475803375,0.5555139780044556,0.38088202476501465
1761476140976521200,2.936521240234375,-0.04408297687768936,0.581633448600769,0.5276951193809509
1761476140986557200,2.94655712890625,-0.006380340084433556,0.5614336133003235,0.7466897964477539
1761476140996593200,2.95659326171875,-0.01829862967133522,0.4676366448402405,0.9832584261894226
1761476141006629000,2.966629150390625,-0.03700999915599823,0.38897913694381714,1.1971770524978638
1761476141016666000,2.976666015625,-0.028451895341277122,0.3858117461204529,1.3299274444580078
1761476141026702000,2.9867021484375,-0.03425252437591553,0.23273085057735443,1.1648091077804565
1761476141036738000,2.996738037109375,-0.093124158680439,-0.15777947008609772,0.5689918398857117
1761476141046774300,3.006774169921875,-0.18311157822608948,-0.7262458801269531,-0.2997051477432251
1761476141056810500,3.016810546875,-0.35893702507019043,-1.1173405647277832,-1.0913112163543701
1761476141066847200,3.02684716796875,-0.6003520488739014,-1.004441261291504,-1.4703645706176758
1761476141076883200,3.03688330078125,-0.7671142816543579,-0.5007669925689697,-1.3297502994537354
1761476141086919400,3.04691943359375,-0.7448803782463074,0.1882292479276657,-0.8407976627349854
1761476141096955400,3.056955322265625,-0.5546057224273682,0.8334308862686157,-0.3827288746833801
1761476141106991400,3.066991455078125,-0.337995707988739,1.264466643333435,-0.18851971626281738
1761476141117028400,3.0770283203125,-0.18175113201141357,1.4040900468826294,-0.2272660732269287
1761476141127064300,3.087064208984375,-0.10871020704507828,1.235784649848938,-0.39839866757392883
1761476141137100300,3.097100341796875,-0.08564282953739166,0.8017802238464355,-0.6235473155975342
1761476141147136300,3.10713623046875,-0.09844624251127243,0.1647517830133438,-0.8335669040679932
1761476141157172200,3.117172119140625,-0.16681084036827087,-0.5150483846664429,-0.9831069111824036
1761476141167209500,3.12720947265625,-0.28299418091773987,-1.0613594055175781,-1.0609502792358398
1761476141177245400,3.137245361328125,-0.3798704743385315,-1.3600400686264038,-1.096873164176941
1761476141187281400,3.147281494140625,-0.429255872964859,-1.3709685802459717,-1.153809905052185
1761476141197317400,3.1573173828125,-0.3940832018852234,-1.2345386743545532,-1.2357702255249023
1761476141207354400,3.167354248046875,-0.2705380916595459,-1.0857583284378052,-1.3061631917953491
1761476141217390300,3.177390380859375,-0.13656717538833618,-0.9664419889450073,-1.3053715229034424
1761476141227426300,3.18742626953125,0.07427608221769333,-0.8205987811088562,-1.1133203506469727
1761476141237462300,3.197462158203125,0.1458246111869812,-0.8769590258598328,-0.8537415266036987
1761476141247498200,3.207498291015625,0.09839611500501633,-1.029051423072815,-0.6082867980003357
1761476141257535200,3.21753515625,-0.00034970417618751526,-1.0843501091003418,-0.3619210720062256
1761476141267571200,3.2275712890625,-0.10646361857652664,-0.803572952747345,-0.16803282499313354
1761476141277607200,3.237607177734375,-0.1686365306377411,-0.7162240147590637,0.005119388923048973
1761476141287643100,3.24764306640625,-0.23523126542568207,-0.6809765696525574,0.1801535189151764
1761476141297677300,3.25767724609375,-0.30578500032424927,-0.46545013785362244,0.31880372762680054
1761476141307713500,3.267713623046875,-0.3078633248806,-0.22061853110790253,0.4782000184059143
1761476141317749500,3.27774951171875,-0.27661851048469543,0.075398288667202,0.6355897188186646
1761476141327785500,3.287785400390625,-0.24219556152820587,0.354103684425354,0.7780907154083252
1761476141337821400,3.297821533203125,-0.20891040563583374,0.5738016963005066,0.8885160088539124
1761476141347858400,3.3078583984375,-0.15494224429130554,0.7088196873664856,0.955186128616333
1761476141357894400,3.317894287109375,-0.09461905062198639,0.7576076984405518,0.9954103231430054
1761476141367930400,3.327930419921875,-0.04279553145170212,0.7459076046943665,1.0050088167190552
1761476141377966300,3.33796630859375,-0.013434993103146553,0.6944804787635803,0.9660335779190063
1761476141388002300,3.348002197265625,0.003562099300324917,0.6045929789543152,0.8805317282676697
1761476141398039300,3.358039306640625,0.01638171821832657,0.4919147193431854,0.760829508304596
1761476141408075300,3.3680751953125,0.014263172633945942,0.39511042833328247,0.6177820563316345
1761476141418111200,3.378111328125,0.006108713336288929,0.3120885193347931,0.4612386226654053
1761476141428147200,3.388147216796875,-0.0073485057801008224,0.22549423575401306,0.29331618547439575
1761476141438184400,3.398184326171875,-0.02807765267789364,0.15182995796203613,0.15476180613040924
1761476141448220400,3.408220458984375,-0.05031025409698486,0.1659199297428131,0.05220639705657959
1761476141458256400,3.41825634765625,-0.04428239166736603,0.18908251821994781,-0.0016121948137879372
1761476141468292400,3.428292236328125,-0.032223060727119446,0.1987340748310089,-0.04190342500805855
1761476141478328600,3.43832861328125,-0.047175899147987366,0.18060824275016785,-0.05892740935087204
1761476141488365300,3.448365234375,-0.08465243130922318,0.22490273416042328,-0.018356284126639366
1761476141498401300,3.4584013671875,-0.10450775921344757,0.3731463551521301,0.11890208721160889
1761476141508437500,3.4684375,-0.09403541684150696,0.5737143754959106,0.3392115533351898
1761476141518473500,3.478473388671875,-0.05820309743285179,0.7188494205474854,0.5919533967971802
1761476141528510200,3.48851025390625,-0.03887467086315155,0.7766208648681641,0.8582189083099365
1761476141538546400,3.49854638671875,-0.012052631005644798,0.8192819952964783,1.107002854347229
1761476141548582400,3.50858251953125,0.06800039112567902,0.8085001707077026,1.2614693641662598
1761476141558618400,3.518618408203125,0.24012356996536255,0.7251168489456177,1.3027644157409668
1761476141568654300,3.528654296875,0.44960036873817444,0.4464662969112396,1.185434341430664
1761476141578691600,3.538691650390625,0.5960683822631836,-0.09557540714740753,0.98503577709198
1761476141588727600,3.5487275390625,0.5864841938018799,-0.9548824429512024,0.7698094844818115
1761476141598763500,3.558763427734375,0.4121798276901245,-1.789835810661316,0.5450720191001892
1761476141608799500,3.568799560546875,0.10896749794483185,-2.056506872177124,0.36260077357292175
1761476141618836500,3.57883642578125,-0.2000015676021576,-1.5091840028762817,0.18275684118270874
1761476141628872400,3.58887255859375,-0.33131617307662964,-0.4679811894893646,-0.14021801948547363
1761476141638908400,3.598908447265625,-0.217810720205307,0.46573179960250854,-0.6845316290855408
1761476141648944400,3.6089443359375,0.004236994311213493,1.2084567546844482,-1.2595208883285522
1761476141658980400,3.61898046875,0.1731555163860321,1.5829969644546509,-1.6966115236282349
1761476141669017300,3.629017333984375,0.24351704120635986,1.4386909008026123,-1.905186653137207
1761476141679053300,3.63905322265625,0.2739682197570801,0.8769097924232483,-1.8628109693527222
1761476141689089300,3.64908935546875,0.35290247201919556,0.12654846906661987,-1.5795422792434692
1761476141699125200,3.659125244140625,0.4871196746826172,-0.7441741228103638,-1.1325030326843262
1761476141709162500,3.66916259765625,0.608704149723053,-1.3417432308197021,-0.45892032980918884
1761476141719198500,3.679198486328125,0.5504899024963379,-1.9293885231018066,0.056772470474243164
1761476141729234400,3.689234375,0.4921509623527527,-2.10422682762146,0.4204377830028534
1761476141739270400,3.6992705078125,0.4439893066883087,-2.0785586833953857,0.6091742515563965
1761476141749306400,3.709306396484375,0.38437366485595703,-1.972920298576355,0.5544995665550232
1761476141759343400,3.71934326171875,0.3341056704521179,-1.8051677942276,0.2748047709465027
1761476141769379300,3.72937939453125,0.29764753580093384,-1.6664650440216064,-0.12243874371051788
1761476141779415300,3.739415283203125,0.22608621418476105,-1.6006107330322266,-0.5860752463340759
1761476141789451300,3.749451171875,0.141378253698349,-1.4343065023422241,-0.9608520865440369
1761476141799488300,3.75948828125,0.06930308043956757,-1.0845049619674683,-1.1505744457244873
1761476141809524200,3.769524169921875,0.06455253809690475,-0.7388556599617004,-1.1810657978057861
1761476141819560200,3.779560302734375,0.06017608568072319,-0.5061370730400085,-1.1166812181472778
1761476141829596200,3.78959619140625,0.08415572345256805,-0.333198606967926,-0.9636130332946777
1761476141839633400,3.79963330078125,0.18100956082344055,-0.1594526469707489,-0.726462721824646
1761476141849669400,3.80966943359375,0.29354327917099,0.2518715262413025,-0.37687915563583374
1761476141859705300,3.819705322265625,0.36040258407592773,0.6854015588760376,-0.01208246499300003
1761476141869741300,3.8297412109375,0.33987918496131897,0.9432820677757263,0.2662391662597656
1761476141879777500,3.839777587890625,0.23727361857891083,1.0652903318405151,0.4210335612297058
1761476141889814300,3.849814208984375,0.15042446553707123,1.1003345251083374,0.4988958537578583
1761476141899850500,3.8598505859375,0.0946224182844162,1.0853431224822998,0.5202167630195618
1761476141909886500,3.869886474609375,0.055293917655944824,1.0356014966964722,0.5104405879974365
1761476141919922400,3.87992236328125,0.014357290230691433,0.9907302856445312,0.480053186416626
1761476141929959400,3.88995947265625,-0.014438139274716377,0.9725995063781738,0.4717806279659271
1761476141939995400,3.899995361328125,-0.012832842767238617,0.9822799563407898,0.4609944522380829
1761476141950031400,3.91003125,0.00031731370836496353,0.9529467821121216,0.4188898801803589
1761476141960067600,3.920067626953125,0.03805628791451454,0.9249009490013123,0.36502450704574585
1761476141970104600,3.9301044921875,0.054383065551519394,0.919833779335022,0.29919248819351196
1761476141980140500,3.940140625,0.02907729148864746,0.8883720636367798,0.25190478563308716
1761476141990176500,3.950176513671875,-0.03829748556017876,0.8204859495162964,0.18459554016590118
1761476142000212500,3.96021240234375,-0.12094305455684662,0.7617872357368469,0.0929683968424797
1761476142010248400,3.97024853515625,-0.20612134039402008,0.7354230284690857,-0.03029441647231579
1761476142020285400,3.980285400390625,-0.26601001620292664,0.7087020874023438,-0.1723947823047638
1761476142030321400,3.9903212890625,-0.2973301410675049,0.6505842208862305,-0.3313482105731964
1761476142040354600,4.0003544921875,-0.25699082016944885,0.6203058958053589,-0.43368563055992126
1761476142050390500,4.010390625,-0.1790001392364502,0.6816451549530029,-0.4053317606449127
1761476142060427500,4.020427490234375,-0.09476102888584137,0.720313549041748,-0.2767997980117798
1761476142070463500,4.03046337890625,-0.017705127596855164,0.7183979749679565,-0.07023915648460388
1761476142080499500,4.04049951171875,0.06813707947731018,0.6711524128913879,0.2024371176958084
1761476142090535400,4.050535400390625,0.10058718919754028,0.49274006485939026,0.4566654860973358
1761476142100572400,4.060572509765625,0.049774330109357834,0.23327679932117462,0.630160391330719
1761476142110608400,4.0706083984375,0.008221294730901718,-0.018064090982079506,0.7041621804237366
1761476142120644400,4.080644287109375,0.0007240353152155876,-0.1791452169418335,0.7239223122596741
1761476142130680300,4.090680419921875,0.07052122801542282,-0.31827086210250854,0.7420946359634399
1761476142140716300,4.10071630859375,0.27637216448783875,-0.7857624292373657,0.6130685806274414
1761476142150753500,4.11075341796875,0.4743925631046295,-1.5153888463974,0.24849967658519745
1761476142160789500,4.12078955078125,0.5018022060394287,-1.9388688802719116,-0.15250548720359802
1761476142170825500,4.130825439453125,0.23640595376491547,-1.8510130643844604,-0.4536464214324951
1761476142180861400,4.140861328125,-0.19969657063484192,-1.2008426189422607,-0.632415771484375
1761476142190898400,4.1508984375,-0.4932784140110016,-0.14950814843177795,-0.7323194742202759
1761476142200934400,4.160934326171875,-0.5248774886131287,0.8338388204574585,-0.8231846690177917
1761476142210970400,4.170970458984375,-0.35144180059432983,1.4149163961410522,-0.9068140387535095
1761476142221006300,4.18100634765625,-0.12469732016324997,1.4572558403015137,-0.9523914456367493
1761476142231043300,4.191043212890625,0.02833004668354988,1.1233524084091187,-0.9127089977264404
1761476142241079300,4.201079345703125,0.07813744992017746,0.5231337547302246,-0.7506862282752991
1761476142251115300,4.211115234375,0.08550029247999191,-0.1777745485305786,-0.49840763211250305
1761476142261151200,4.221151123046875,0.07821053266525269,-0.8401663899421692,-0.252887487411499
1761476142271188500,4.2311884765625,0.039510276168584824,-1.2774933576583862,-0.11140545457601547
1761476142281224400,4.241224365234375,-0.03766215592622757,-1.4478015899658203,-0.13331668078899384
1761476142291260400,4.251260498046875,-0.13424888253211975,-1.417407751083374,-0.3300774395465851
1761476142301300700,4.26130078125,-0.21508000791072845,-1.2309883832931519,-0.6507712006568909
1761476142311337700,4.271337646484375,-0.2211163192987442,-1.037458896636963,-0.961218535900116
1761476142321373700,4.281373779296875,-0.14552554488182068,-0.9102389216423035,-1.0883461236953735
1761476142331409700,4.29140966796875,-0.026522723957896233,-0.8248460292816162,-0.9353653192520142
1761476142341445600,4.301445556640625,0.08711443096399307,-0.7829296588897705,-0.5737203359603882
1761476142351482600,4.311482666015625,0.1349935382604599,-0.7892826199531555,-0.14281874895095825
1761476142361518600,4.3215185546875,0.12783680856227875,-0.7815034985542297,0.26579758524894714
1761476142371554600,4.331554443359375,0.11159658432006836,-0.730596125125885,0.6277430057525635
1761476142381590800,4.3415908203125,0.08422841876745224,-0.6231650114059448,0.9073158502578735
1761476142391627800,4.351627685546875,0.04590180516242981,-0.42669588327407837,1.0883383750915527
1761476142401663700,4.361663818359375,0.02175639197230339,-0.1457098424434662,1.1963942050933838
1761476142411699700,4.37169970703125,0.0022822925820946693,0.12373148649930954,1.2390590906143188
1761476142421735700,4.381735595703125,0.0032775606960058212,0.2906786799430847,1.2255315780639648
1761476142431772700,4.391772705078125,0.022609446197748184,0.34493446350097656,1.1499861478805542
1761476142441808600,4.40180859375,0.06375342607498169,0.3335350751876831,1.0519797801971436
1761476142451844600,4.4118447265625,0.11902280151844025,0.31211817264556885,0.954899251461029
1761476142461880600,4.421880615234375,0.1750294268131256,0.32474273443222046,0.9044165015220642
1761476142471917600,4.43191748046875,0.20028738677501678,0.37936922907829285,0.8776293396949768
1761476142481953500,4.44195361328125,0.19017919898033142,0.4262809455394745,0.841945469379425
1761476142491989500,4.451989501953125,0.1710507869720459,0.48522230982780457,0.7921081185340881
1761476142502025700,4.462025634765625,0.15217351913452148,0.5156774520874023,0.7204095125198364
1761476142512062700,4.472062744140625,0.15409472584724426,0.5484675765037537,0.643482506275177
1761476142522098700,4.4820986328125,0.1739894598722458,0.5285060405731201,0.5328478813171387
1761476142532134700,4.492134765625,0.1870805025100708,0.4798130691051483,0.39725327491760254
1761476142542171000,4.5021708984375,0.1913861334323883,0.41880911588668823,0.28554394841194153
1761476142552206800,4.512206787109375,0.1777707189321518,0.3514639139175415,0.18885231018066406
1761476142562243600,4.52224365234375,0.15175166726112366,0.2784605324268341,0.08946879208087921
1761476142572279800,4.53227978515625,0.1193268895149231,0.21888616681098938,-0.01727655902504921
1761476142582315800,4.542315673828125,0.10293527692556381,0.19658981263637543,-0.10691103339195251
1761476142592352500,4.5523525390625,0.11659009754657745,0.22629497945308685,-0.16313010454177856
1761476142602388700,4.562388671875,0.133212611079216,0.2970139980316162,-0.20775249600410461
1761476142612424700,4.5724248046875,0.13693596422672272,0.35199761390686035,-0.2600921392440796
1761476142622461000,4.5824609375,0.149942085146904,0.373599648475647,-0.2849595248699188
1761476142632500700,4.592500732421875,0.2023158073425293,0.419700026512146,-0.23069921135902405
1761476142642536700,4.60253662109375,0.23929853737354279,0.48350635170936584,-0.11421862989664078
1761476142652572700,4.61257275390625,0.2192920744419098,0.5774294137954712,0.006769046187400818
1761476142662608600,4.622608642578125,0.16040769219398499,0.6127010583877563,0.07182920724153519
1761476142672646000,4.63264599609375,0.09176285564899445,0.5112566947937012,0.01601520925760269
1761476142682681900,4.642681884765625,0.1197582334280014,0.3090364933013916,-0.2158002406358719
1761476142692717800,4.6527177734375,0.2479066103696823,-0.010321543551981449,-0.6373165845870972
1761476142702753800,4.66275390625,0.3515498638153076,-0.38291582465171814,-1.0035182237625122
1761476142712790800,4.672790771484375,0.35182738304138184,-0.7043462991714478,-1.1158469915390015
1761476142722826800,4.68282666015625,0.24811561405658722,-0.9424847364425659,-1.0421912670135498
1761476142732862700,4.69286279296875,0.0383559912443161,-0.9833053946495056,-1.0104906558990479
1761476142742898700,4.702898681640625,-0.19956980645656586,-0.6267158389091492,-1.0927882194519043
1761476142752935700,4.712935791015625,-0.3572539687156677,0.17223192751407623,-1.3303629159927368
1761476142762971600,4.7229716796875,-0.37925079464912415,1.1116372346878052,-1.6316847801208496
1761476142773007600,4.733007568359375,-0.2626858353614807,1.7866681814193726,-1.7680625915527344
1761476142783043600,4.743043701171875,-0.08022520691156387,1.9012781381607056,-1.645983338356018
1761476142793080800,4.753080810546875,0.10079916566610336,1.4696599245071411,-1.2704049348831177
1761476142803116800,4.76311669921875,0.27483755350112915,0.6760567426681519,-0.751801073551178
1761476142813152800,4.77315283203125,0.4334351718425751,-0.24433544278144836,-0.245123490691185
1761476142823188700,4.783188720703125,0.5225807428359985,-1.0950822830200195,0.17047689855098724
1761476142833225700,4.793225830078125,0.5131654143333435,-1.6812664270401,0.5102978348731995
1761476142843261700,4.80326171875,0.36955341696739197,-1.9423389434814453,0.7796999216079712
1761476142853297700,4.813297607421875,0.13745464384555817,-1.9313275814056396,0.959169328212738
1761476142863333600,4.823333740234375,-0.1095355898141861,-1.6839888095855713,0.969398021697998
1761476142873370600,4.83337060546875,-0.28597959876060486,-1.275671362876892,0.782977283000946
1761476142883406600,4.843406494140625,-0.37192443013191223,-0.8138102293014526,0.42365461587905884
1761476142893442600,4.853442626953125,-0.4015244245529175,-0.3622662127017975,-0.05359875038266182
1761476142903478500,4.863478515625,-0.3750183582305908,0.002124633640050888,-0.5031483173370361
1761476142913515800,4.873515869140625,-0.2731093168258667,0.24382035434246063,-0.769460141658783
1761476142923551700,4.8835517578125,-0.1112554594874382,0.31469976902008057,-0.7647385001182556
1761476142933587700,4.893587646484375,0.054014187306165695,0.2542782425880432,-0.5028254389762878
1761476142943623700,4.903623779296875,0.150570809841156,0.15727825462818146,-0.07969814538955688
1761476142953660700,4.91366064453125,0.142316073179245,0.057737816125154495,0.42246803641319275
1761476142963696600,4.923696533203125,0.04405282437801361,-0.03285274654626846,0.9021378755569458
1761476142973732600,4.933732666015625,-0.06982021033763885,-0.07163449376821518,1.2863447666168213
1761476142983768600,4.9437685546875,-0.16343379020690918,-0.05855831131339073,1.5084044933319092
1761476142993805600,4.9538056640625,-0.21706852316856384,-0.018976286053657532,1.567408800125122
1761476143003841500,4.963841552734375,-0.22502237558364868,0.05436155945062637,1.491406798362732
1761476143013877500,4.97387744140625,-0.19678781926631927,0.15816199779510498,1.3262135982513428
1761476143023913700,4.983913818359375,-0.12430606037378311,0.2620266377925873,1.1053495407104492
1761476143033950700,4.99395068359375,-0.022341080009937286,0.38004302978515625,0.8378582000732422
1761476143043986700,5.003986572265625,0.09138611704111099,0.543362557888031,0.5646940469741821
1761476143054023000,5.01402294921875,0.18787136673927307,0.6959214210510254,0.32852867245674133
1761476143064059000,5.024058837890625,0.25977128744125366,0.7870962619781494,0.1446678191423416
1761476143074095600,5.034095703125,0.261691689491272,0.825459897518158,0.01744755357503891
1761476143084131800,5.0441318359375,0.21067513525485992,0.8266702890396118,-0.025441516190767288
1761476143094167800,5.054167724609375,0.14006860554218292,0.7983052730560303,-0.008548818528652191
1761476143104204500,5.06420458984375,0.08571084588766098,0.7286314368247986,0.02886439859867096
1761476143114240800,5.07424072265625,0.049767494201660156,0.6384653449058533,0.062301453202962875
1761476143124276700,5.08427685546875,0.05390279367566109,0.5520110726356506,0.09765460342168808
1761476143134312700,5.094312744140625,0.04388345032930374,0.45951759815216064,0.08203063160181046
1761476143144349700,5.104349609375,0.01003264170140028,0.4008850157260895,0.0322982594370842
1761476143154386000,5.114385986328125,-0.02965378388762474,0.3520442247390747,-0.017658114433288574
1761476143164422000,5.124421875,-0.03559119626879692,0.28363457322120667,-0.06647568941116333
1761476143174457900,5.134457763671875,-0.03323003649711609,0.2101355940103531,-0.1272548884153366
1761476143184494800,5.144494873046875,-0.044013701379299164,0.19274628162384033,-0.17910221219062805
1761476143194530800,5.15453076171875,-0.07363738119602203,0.3138316869735718,-0.24607884883880615
1761476143204566800,5.16456689453125,-0.09971106797456741,0.4508952498435974,-0.3717149794101715
1761476143214602800,5.174602783203125,-0.1263381540775299,0.42793190479278564,-0.5227145552635193
1761476143224639700,5.1846396484375,-0.143653005361557,0.14148087799549103,-0.58170086145401
1761476143234675700,5.19467578125,-0.019934790208935738,-0.2032565325498581,-0.4676176607608795
1761476143244711700,5.204711669921875,0.26191866397857666,-0.7415583729743958,-0.40306955575942993
1761476143254747600,5.21474755859375,0.3562561273574829,-1.403154730796814,-0.6630973815917969
1761476143264785000,5.224784912109375,0.2941530644893646,-1.8350152969360352,-1.0372768640518188
1761476143274820900,5.23482080078125,0.1412532776594162,-1.5432896614074707,-1.3014686107635498
1761476143284856800,5.24485693359375,0.02624613046646118,-0.7963511943817139,-1.329830527305603
1761476143294888000,5.254887939453125,-0.029139097779989243,0.08665048331022263,-1.111018180847168
1761476143304925200,5.26492529296875,0.03562163934111595,0.9536246061325073,-0.6934467554092407
1761476143314961200,5.274961181640625,0.15818989276885986,1.6828705072402954,-0.2596394121646881
1761476143324997000,5.2849970703125,0.1941998302936554,2.037165403366089,-0.013866832479834557
1761476143335033000,5.295033203125,0.11642008274793625,1.925384283065796,0.0029702037572860718
1761476143345070000,5.305070068359375,0.023353416472673416,1.4192923307418823,-0.15112192928791046
1761476143355106000,5.31510595703125,-0.01639878749847412,0.6906511783599854,-0.35812145471572876
1761476143365142000,5.32514208984375,0.003812548704445362,-0.14202675223350525,-0.49934184551239014
1761476143375179000,5.335178955078125,0.030529113486409187,-0.9077750444412231,-0.5248247981071472
1761476143385215000,5.345215087890625,0.004459667019546032,-1.4537553787231445,-0.47695207595825195
1761476143395251000,5.3552509765625,-0.06337131559848785,-1.5885525941848755,-0.41772550344467163
1761476143405287000,5.365286865234375,-0.10964064300060272,-1.2605352401733398,-0.41921359300613403
1761476143415324200,5.37532421875,-0.1506786197423935,-0.8486272096633911,-0.514022946357727
1761476143425360100,5.385360107421875,-0.1687200665473938,-0.4704696834087372,-0.6074407696723938
1761476143435396000,5.39539599609375,-0.16587316989898682,-0.23234525322914124,-0.633572518825531
1761476143445432000,5.40543212890625,-0.16650818288326263,-0.15430036187171936,-0.5995969772338867
1761476143455469000,5.415468994140625,-0.2033974975347519,-0.16874854266643524,-0.508635401725769
1761476143465505000,5.425505126953125,-0.26096266508102417,-0.21767261624336243,-0.3954355716705322
1761476143475541000,5.435541015625,-0.29284682869911194,-0.26101234555244446,-0.2590729296207428
1761476143485577200,5.4455771484375,-0.27686092257499695,-0.2805918753147125,-0.07345017045736313
1761476143495614000,5.455614013671875,-0.23885414004325867,-0.24912557005882263,0.15584027767181396
1761476143505650000,5.46564990234375,-0.19672605395317078,-0.1512306034564972,0.4023510813713074
1761476143515686100,5.47568603515625,-0.15437433123588562,-0.0037585957907140255,0.6156330108642578
1761476143525722000,5.48572216796875,-0.136967271566391,0.12597313523292542,0.7447713017463684
1761476143535759000,5.495759033203125,-0.1511472761631012,0.24463185667991638,0.7688167095184326
1761476143545795300,5.50579541015625,-0.18835122883319855,0.3443503677845001,0.7463454008102417
1761476143555831300,5.515831298828125,-0.22330522537231445,0.4184586703777313,0.7317371368408203
1761476143565868000,5.525867919921875,-0.23200467228889465,0.4546886086463928,0.7568886876106262
1761476143575904300,5.535904296875,-0.20223453640937805,0.4668288826942444,0.8157669305801392
1761476143585940200,5.545940185546875,-0.14384247362613678,0.48185646533966064,0.88087397813797
1761476143595976200,5.55597607421875,-0.06358996778726578,0.47288960218429565,0.9347785115242004
1761476143606013200,5.56601318359375,0.02689497545361519,0.4490774869918823,0.9427247047424316
1761476143616049200,5.576049072265625,0.0997324287891388,0.4265711307525635,0.9077816605567932
1761476143626085000,5.586085205078125,0.12396837770938873,0.4133763909339905,0.8178231716156006
1761476143636121000,5.59612109375,0.07635718584060669,0.37462952733039856,0.6900813579559326
1761476143646158300,5.606158447265625,-0.024697644636034966,0.3301050364971161,0.5392693877220154
1761476143656194300,5.6161943359375,-0.1153884008526802,0.2773342430591583,0.39876237511634827
1761476143666230300,5.626230224609375,-0.15298894047737122,0.21114571392536163,0.2726156413555145
1761476143676266200,5.636266357421875,-0.14004464447498322,0.14355069398880005,0.1708940714597702
1761476143686303200,5.64630322265625,-0.08981868624687195,0.10599590092897415,0.10727351158857346
1761476143696339200,5.656339111328125,-0.010719605721533298,0.11199760437011719,0.07203243672847748
1761476143706375200,5.666375244140625,0.08383455872535706,0.15826952457427979,0.03869633749127388
1761476143716412200,5.676412109375,0.17144376039505005,0.2268826812505722,-0.005692698527127504
1761476143726448000,5.6864482421875,0.22278405725955963,0.35757017135620117,-0.06454606354236603
1761476143736484000,5.696484130859375,0.23333309590816498,0.5055686831474304,-0.13838434219360352
1761476143746520000,5.70652001953125,0.21989805996418,0.5949519872665405,-0.19041305780410767
1761476143756557000,5.71655712890625,0.2175864279270172,0.6098078489303589,-0.20408307015895844
1761476143766593300,5.72659326171875,0.2978523075580597,0.6071898341178894,-0.1615859866142273
1761476143776629200,5.736629150390625,0.36918455362319946,0.49765744805336,-0.06830663979053497
1761476143786665200,5.746665283203125,0.4056418836116791,0.11266683042049408,-0.05554244667291641
1761476143796702200,5.7567021484375,0.4332812428474426,-0.5013009905815125,-0.2389271855354309
1761476143806738200,5.76673828125,0.4047396779060364,-1.1980613470077515,-0.5697285532951355
1761476143816774100,5.776774169921875,0.32346558570861816,-1.5315698385238647,-0.9240275025367737
1761476143826811100,5.78681103515625,0.14743463695049286,-1.4262574911117554,-1.2757689952850342
1761476143836847000,5.79684716796875,0.005099593661725521,-0.9168110489845276,-1.434126853942871
1761476143846883000,5.806883056640625,-0.048432789742946625,-0.07634259760379791,-1.3861289024353027
1761476143856919000,5.8169189453125,-0.08432234823703766,0.7963728904724121,-1.1814045906066895
1761476143866956000,5.8269560546875,-0.055033572018146515,1.3420644998550415,-0.9090724587440491
1761476143876992000,5.836991943359375,0.01757511869072914,1.479860782623291,-0.711075484752655
1761476143887028200,5.8470283203125,0.10193432122468948,1.2664690017700195,-0.590762197971344
1761476143897064200,5.857064208984375,0.1509668529033661,0.8217434883117676,-0.4926670491695404
1761476143907101200,5.86710107421875,0.13013382256031036,0.2390681654214859,-0.39131832122802734
1761476143917137200,5.87713720703125,0.09106045961380005,-0.3643151819705963,-0.247859925031662
1761476143927173000,5.887173095703125,0.049595460295677185,-0.8303096890449524,-0.09451095759868622
1761476143937209000,5.897208984375,0.013051563873887062,-1.076457142829895,0.011255685240030289
1761476143947246000,5.90724609375,-0.03514983877539635,-1.1782764196395874,0.06918515264987946
1761476143957282000,5.917281982421875,-0.05740960314869881,-1.0796021223068237,0.08143915981054306
1761476143967318000,5.927318115234375,-0.0541432648897171,-0.8755477666854858,0.062711201608181
1761476143977355000,5.93735498046875,-0.04334281384944916,-0.6662304997444153,-0.014224592596292496
1761476143987391000,5.947390869140625,-0.06487549841403961,-0.5025568604469299,-0.18533538281917572
1761476143997427000,5.957427001953125,-0.04674682766199112,-0.29199162125587463,-0.2912692725658417
1761476144007463200,5.967463134765625,-0.024737203493714333,-0.041636452078819275,-0.33826521039009094
1761476144017500200,5.977500244140625,-0.016463028267025948,0.2244998961687088,-0.33645159006118774
1761476144027536100,5.9875361328125,0.017327049747109413,0.402698814868927,-0.29985570907592773
1761476144037572000,5.997572021484375,0.06657315790653229,0.4227004945278168,-0.16680817306041718
1761476144047608000,6.007608154296875,0.08877760171890259,0.4097544252872467,0.08229320496320724
1761476144057645000,6.01764501953125,0.054949868470430374,0.4407389760017395,0.37838637828826904
1761476144067681000,6.027680908203125,-0.01163804903626442,0.4761804938316345,0.6428866982460022
1761476144077717000,6.037717041015625,-0.06285010278224945,0.4991060495376587,0.8469250798225403
1761476144087754000,6.04775390625,-0.0787414088845253,0.47803011536598206,0.9583443999290466
1761476144097790000,6.0577900390625,-0.059465184807777405,0.40046289563179016,0.9454477429389954
1761476144107826000,6.067825927734375,-0.011861683800816536,0.3642156720161438,0.824839174747467
1761476144117862000,6.07786181640625,0.04137676954269409,0.3730539083480835,0.6415225863456726
1761476144127899100,6.087899169921875,0.07783454656600952,0.4024233818054199,0.4603835344314575
1761476144137935000,6.09793505859375,0.10572103410959244,0.42586690187454224,0.3195505142211914
1761476144147971000,6.10797119140625,0.12639066576957703,0.437222957611084,0.21795646846294403
1761476144158007000,6.118007080078125,0.12687134742736816,0.42383313179016113,0.17234744131565094
1761476144168044000,6.1280439453125,0.09552238881587982,0.3465504050254822,0.1871618777513504
1761476144178080000,6.138080078125,0.046621955931186676,0.2527863681316376,0.24456152319908142
1761476144188116000,6.148115966796875,0.0013180337846279144,0.21423791348934174,0.3214609920978546
1761476144198153000,6.158153076171875,0.0003166859969496727,0.20329497754573822,0.34781935811042786
1761476144208189000,6.16818896484375,0.01889660581946373,0.11958686262369156,0.3109446167945862
1761476144218225000,6.178224853515625,0.0602421797811985,0.053604647517204285,0.25639480352401733
1761476144228261000,6.18826123046875,0.0989566296339035,0.001830968540161848,0.20790979266166687
1761476144238298000,6.198298095703125,0.10517644137144089,-0.029396193102002144,0.16029247641563416
1761476144248334000,6.208333984375,0.07435853779315948,0.0014503682032227516,0.13858163356781006
1761476144258370000,6.2183701171875,0.10618304461240768,0.19293244183063507,0.24269764125347137
1761476144268407000,6.228406982421875,0.1410577893257141,0.354471892118454,0.38873937726020813
1761476144278443000,6.238443115234375,0.16270050406455994,0.5860167145729065,0.528580904006958
1761476144288479000,6.24847900390625,0.15982916951179504,0.8361896276473999,0.602749764919281
1761476144298515500,6.258515380859375,0.09398916363716125,0.9078251719474792,0.6024097204208374
1761476144308552400,6.268552490234375,0.09744661301374435,0.8380057215690613,0.5788971781730652
1761476144318588400,6.27858837890625,0.2800441384315491,0.5846318006515503,0.5567029714584351
1761476144328624400,6.288624267578125,0.4938385486602783,0.09059193730354309,0.4139100909233093
1761476144338660600,6.29866064453125,0.5680704116821289,-0.44072866439819336,0.057487789541482925
1761476144348697600,6.308697509765625,0.4378003776073456,-0.8234803676605225,-0.4035080075263977
1761476144358733600,6.318733642578125,0.22367584705352783,-0.8367713689804077,-0.6753544211387634
1761476144368769500,6.32876953125,0.07954533398151398,-0.6142226457595825,-0.6610784530639648
1761476144378806500,6.338806640625,0.03587162122130394,-0.3760353922843933,-0.4584300220012665
1761476144388842500,6.348842529296875,0.0685335248708725,-0.12773308157920837,-0.23573647439479828
1761476144398878500,6.35887841796875,0.09050726890563965,0.14204779267311096,-0.14294128119945526
1761476144408914700,6.368914794921875,0.10640400648117065,0.4455720782279968,-0.16460083425045013
1761476144418951400,6.378951416015625,0.12439526617527008,0.6698355078697205,-0.22587670385837555
1761476144428987400,6.3889873046875,0.17456243932247162,0.7456459999084473,-0.23529976606369019
1761476144439023600,6.399023681640625,0.2475985735654831,0.5982336401939392,-0.20952463150024414
1761476144449059600,6.4090595703125,0.3008454740047455,0.2372700273990631,-0.18896673619747162
1761476144459096600,6.4190966796875,0.28419405221939087,-0.1631290465593338,-0.1727297157049179
1761476144469132500,6.429132568359375,0.22229406237602234,-0.41988691687583923,-0.1328982412815094
1761476144479168800,6.439168701171875,0.15272191166877747,-0.49360722303390503,-0.08419594913721085
1761476144489205500,6.44920556640625,0.12566667795181274,-0.391907662153244,-0.05359647423028946
1761476144499241500,6.459241455078125,0.1238996684551239,-0.20518861711025238,-0.04895671457052231
1761476144509277700,6.469277587890625,0.12408124655485153,-0.06000008434057236,-0.073371022939682
1761476144519313700,6.479313720703125,0.09190386533737183,-0.0029578395187854767,-0.13633054494857788
1761476144529350400,6.489350341796875,0.03799085691571236,-0.04617582634091377,-0.23592284321784973
1761476144539386600,6.49938671875,-0.027200933545827866,-0.14767901599407196,-0.3402671217918396
1761476144549422600,6.509422607421875,-0.10398846119642258,-0.21665604412555695,-0.4499373435974121
1761476144559458600,6.51945849609375,-0.20837026834487915,-0.20628754794597626,-0.5632247924804688
1761476144569495600,6.52949560546875,-0.29213830828666687,-0.14297698438167572,-0.6581335067749023
1761476144579531800,6.53953173828125,-0.329782098531723,-0.04174383729696274,-0.6190212368965149
1761476144589567700,6.549567626953125,-0.3178464472293854,0.12497878819704056,-0.40682947635650635
1761476144599604500,6.5596044921875,-0.27136895060539246,0.3113603889942169,-0.07296361029148102
1761476144609640700,6.569640625,-0.2033250629901886,0.4247213900089264,0.2858516275882721
1761476144619676700,6.5796767578125,-0.15573836863040924,0.4187481999397278,0.5915087461471558
1761476144629712600,6.589712646484375,-0.1659812033176422,0.35314223170280457,0.7837955355644226
1761476144639749600,6.59974951171875,-0.19507916271686554,0.31231385469436646,0.8510525822639465
1761476144649785600,6.60978564453125,-0.21501325070858002,0.2852991819381714,0.8121075630187988
1761476144659821600,6.619821533203125,-0.1968233287334442,0.27269551157951355,0.7083463072776794
1761476144669858800,6.62985888671875,-0.14606048166751862,0.2912093698978424,0.580466091632843
1761476144679894800,6.639894775390625,-0.0720863863825798,0.33743464946746826,0.48350703716278076
1761476144689930800,6.6499306640625,0.0014226408675312996,0.36545687913894653,0.41665828227996826
1761476144699966700,6.659966796875,0.05214281007647514,0.39183974266052246,0.3767082095146179
1761476144710003700,6.670003662109375,0.09504003822803497,0.40615755319595337,0.3715909719467163
1761476144720039700,6.680039794921875,0.12697799503803253,0.38098427653312683,0.381475031375885
1761476144730075600,6.69007568359375,0.14642412960529327,0.2936168909072876,0.38292378187179565
1761476144740111600,6.700111572265625,0.10456056892871857,0.1457398235797882,0.3538375198841095
1761476144750148600,6.710148681640625,0.029695957899093628,0.010997697710990906,0.3074502944946289
1761476144760184600,6.7201845703125,-0.040610428899526596,-0.10079248249530792,0.22320173680782318
1761476144770220500,6.730220458984375,-0.1007232815027237,-0.15506628155708313,0.15676552057266235
1761476144780257800,6.7402578125,-0.12421342730522156,-0.12040737271308899,0.12891046702861786
1761476144790293800,6.750293701171875,-0.12436751276254654,-0.04493679106235504,0.10943523049354553
1761476144800329700,6.760329833984375,-0.14052116870880127,0.03625340387225151,0.09129723906517029
1761476144810365700,6.77036572265625,-0.1579473316669464,0.1443341076374054,0.11328838765621185
1761476144820402700,6.780402587890625,-0.14719507098197937,0.26289644837379456,0.20219960808753967
1761476144830438700,6.790438720703125,-0.12010237574577332,0.3517531454563141,0.34016868472099304
1761476144840474600,6.800474609375,-0.13684380054473877,0.3578150272369385,0.44217735528945923
1761476144850510600,6.810510498046875,-0.14237971603870392,0.23560045659542084,0.43629440665245056
1761476144860547600,6.820547607421875,-0.04998107627034187,-0.020791109651327133,0.27843502163887024
1761476144870583600,6.83058349609375,0.11917953193187714,-0.44556230306625366,-0.012766608037054539
1761476144880619500,6.84061962890625,0.2880295217037201,-0.8791505098342896,-0.3573748469352722
1761476144890656800,6.85065673828125,0.30523964762687683,-1.1566628217697144,-0.6054133176803589
1761476144900692700,6.860692626953125,0.1816309243440628,-1.0522069931030273,-0.6232847571372986
1761476144910728700,6.870728759765625,-0.03632696717977524,-0.5663470029830933,-0.5118494033813477
1761476144920764700,6.8807646484375,-0.2372928261756897,-0.017510805279016495,-0.4110945463180542
1761476144930801700,6.8908017578125,-0.27827727794647217,0.48582983016967773,-0.30965644121170044
1761476144940837600,6.900837646484375,-0.2224169373512268,0.8476405143737793,-0.17901720106601715
1761476144950873600,6.91087353515625,-0.13198509812355042,1.0349749326705933,-0.03542439639568329
1761476144960909600,6.92090966796875,-0.062433451414108276,0.9625608325004578,0.047093912959098816
1761476144970946600,6.930946533203125,-0.054832424968481064,0.6552135348320007,0.02371857687830925
1761476144980982500,6.940982421875,-0.08557382225990295,0.27553147077560425,-0.10096555948257446
1761476144991018500,6.9510185546875,-0.15267448127269745,-0.057173952460289,-0.28429344296455383
1761476145001055700,6.9610556640625,-0.17538300156593323,-0.2626786530017853,-0.4308168292045593
1761476145011091700,6.971091796875,-0.12782031297683716,-0.38793355226516724,-0.47960343956947327
1761476145021127700,6.981127685546875,-0.03280085325241089,-0.41615453362464905,-0.40827760100364685
1761476145031163600,6.99116357421875,0.04380503296852112,-0.36903783679008484,-0.25213080644607544
1761476145041200600,7.00120068359375,0.03894875943660736,-0.33139219880104065,-0.09523175656795502
1761476145051236600,7.011236572265625,-0.016929976642131805,-0.3091982305049896,0.005921156145632267
1761476145061272600,7.0212724609375,-0.06866827607154846,-0.3450337052345276,0.056303370743989944
1761476145071309600,7.0313095703125,-0.10889735817909241,-0.44868943095207214,0.09192796796560287
1761476145081345500,7.041345458984375,-0.13673405349254608,-0.5566635727882385,0.1495305448770523
1761476145091381500,7.051381591796875,-0.13462300598621368,-0.610320508480072,0.19674503803253174
1761476145101417500,7.06141748046875,-0.13795968890190125,-0.5425920486450195,0.18915796279907227
1761476145111454500,7.071454345703125,-0.1394914984703064,-0.38890817761421204,0.15411633253097534
1761476145121490700,7.08149072265625,-0.12297909706830978,-0.16896994411945343,0.12787701189517975
1761476145131526700,7.091526611328125,-0.09034612029790878,0.07019977271556854,0.1250675916671753
1761476145141562600,7.101562744140625,-0.0539657399058342,0.2784712314605713,0.15582391619682312
1761476145151599600,7.111599609375,-0.036040034145116806,0.4389830231666565,0.2505243420600891
1761476145161635600,7.121635498046875,-0.03847736120223999,0.4782412052154541,0.3795233368873596
1761476145171671600,7.131671630859375,-0.049860648810863495,0.43545106053352356,0.5125204920768738
1761476145181708500,7.14170849609375,-0.04024583846330643,0.3948213458061218,0.6288159489631653
1761476145191744500,7.15174462890625,-0.01530443225055933,0.323373019695282,0.7093763947486877
1761476145201780500,7.161780517578125,0.036452241241931915,0.24069973826408386,0.7600352764129639
1761476145211816400,7.17181640625,0.10696922242641449,0.19263550639152527,0.7849856019020081
1761476145221853400,7.181853515625,0.15981964766979218,0.16571760177612305,0.7625769376754761
1761476145231889400,7.191889404296875,0.16942434012889862,0.15938003361225128,0.7080031633377075
1761476145241925600,7.201925537109375,0.13518434762954712,0.1525397002696991,0.5998644232749939
1761476145251961600,7.211961669921875,0.07903607189655304,0.18067732453346252,0.45208820700645447
1761476145261998600,7.22199853515625,0.014992378652095795,0.21516498923301697,0.2862670123577118
1761476145272034600,7.23203466796875,-0.02195747382938862,0.23377804458141327,0.14895188808441162
1761476145282070500,7.242070556640625,-0.016987483948469162,0.2302541583776474,0.05999697744846344
1761476145292107500,7.252107421875,0.03934168443083763,0.2163735330104828,0.03107524663209915
1761476145302146600,7.262146484375,0.11796565353870392,0.16828244924545288,0.05735691636800766
1761476145312182800,7.272182861328125,0.17288972437381744,0.09815378487110138,0.1000591292977333
1761476145322218800,7.28221875,0.170737624168396,0.06083277612924576,0.1352890133857727
1761476145332255500,7.29225537109375,0.12497636675834656,0.05754387378692627,0.14962394535541534
1761476145342291700,7.302291748046875,0.057505447417497635,0.06236099824309349,0.10769140720367432
1761476145352327700,7.31232763671875,-0.035817600786685944,0.08677977323532104,-0.03959691524505615
1761476145362364400,7.322364501953125,-0.10749071836471558,0.14313678443431854,-0.25756147503852844
1761476145372400600,7.332400634765625,-0.13862966001033783,0.19299182295799255,-0.49981462955474854
1761476145382436600,7.3424365234375,-0.13712124526500702,0.1865547001361847,-0.7287386655807495
1761476145392472600,7.35247265625,-0.12455276399850845,0.055043742060661316,-0.9406316876411438
1761476145402509600,7.362509521484375,-0.11194588989019394,-0.33106082677841187,-1.22671377658844
1761476145412545800,7.3725458984375,-0.17227351665496826,-0.9292234778404236,-1.5877344608306885
1761476145422581800,7.382581787109375,-0.3191463053226471,-1.4708144664764404,-1.8733692169189453
1761476145432617700,7.39261767578125,-0.4922415018081665,-1.7391382455825806,-2.048948287963867
1761476145442654700,7.40265478515625,-0.6558863520622253,-1.6276806592941284,-2.081916093826294
1761476145452690700,7.412690673828125,-0.7828479409217834,-1.1764366626739502,-1.958306908607483
1761476145462726700,7.4227265625,-0.8267309665679932,-0.6633139848709106,-1.7061254978179932
1761476145472763600,7.432763671875,-0.6924269199371338,-0.31030210852622986,-1.344016194343567
1761476145482799600,7.442799560546875,-0.44160452485084534,-0.1548890918493271,-0.9560490250587463
1761476145492835600,7.452835693359375,-0.21167588233947754,-0.11645850539207458,-0.7055069804191589
1761476145502871600,7.46287158203125,-0.07439365983009338,-0.07774626463651657,-0.657302737236023
1761476145512908800,7.47290869140625,0.002940727397799492,0.09624890983104706,-0.82724529504776
1761476145522944800,7.48294482421875,0.06703156232833862,-0.0422450453042984,-1.0199966430664062
1761476145532980700,7.492980712890625,0.08512702584266663,-0.40685248374938965,-1.155802845954895
1761476145543017700,7.503017822265625,0.0766906663775444,-0.6591209769248962,-1.3228483200073242
1761476145553053700,7.5130537109375,0.15691351890563965,-0.22949962317943573,-1.4024416208267212
1761476145563089700,7.523089599609375,0.071932852268219,0.16295231878757477,-1.2092868089675903
1761476145573125600,7.533125732421875,-0.26327943801879883,-0.10451633483171463,-0.7012284398078918
1761476145583162600,7.54316259765625,-0.7012959718704224,-0.5671841502189636,0.10431307554244995
1761476145593198600,7.553198486328125,-1.257372260093689,-1.0419940948486328,0.9884344339370728
1761476145603234600,7.563234619140625,-1.861976146697998,-1.954946756362915,1.697322964668274
1761476145613270500,7.5732705078125,-2.434765577316284,-2.971449136734009,2.216954469680786
1761476145623307800,7.583307861328125,-2.9065091609954834,-3.4967427253723145,2.5890004634857178
1761476145633343700,7.59334375,-3.2031757831573486,-3.4908440113067627,2.7757813930511475
1761476145643379700,7.603379638671875,-3.2401628494262695,-3.0669877529144287,2.767592191696167
1761476145653416700,7.613416748046875,-2.922426700592041,-2.6341662406921387,2.534630060195923
1761476145663452700,7.62345263671875,-2.0462052822113037,-2.52306866645813,1.5312684774398804
1761476145673488600,7.633488525390625,-1.0799560546875,-1.5542722940444946,0.7414089441299438
1761476145683524600,7.643524658203125,-0.23774343729019165,-0.015850938856601715,0.43556028604507446
1761476145693561600,7.6535615234375,0.3478250801563263,1.2056589126586914,0.21508049964904785
1761476145703597600,7.66359765625,0.7249422669410706,1.710019588470459,0.04406161606311798
1761476145713633500,7.673633544921875,0.9445797801017761,1.6414111852645874,-0.13741758465766907
1761476145723670800,7.6836708984375,1.0715408325195312,1.3726497888565063,-0.31227514147758484
1761476145733706800,7.693706787109375,1.1834664344787598,1.2188138961791992,-0.4175589382648468
1761476145743742700,7.70374267578125,1.2676504850387573,1.3556662797927856,-0.34294381737709045
1761476145753778700,7.71377880859375,1.3240034580230713,1.738223910331726,-0.05238858610391617
1761476145763815700,7.723815673828125,1.311179518699646,2.210988998413086,0.42530927062034607
1761476145773851600,7.7338515625,1.2216072082519531,2.5714633464813232,0.9824760556221008
1761476145783887600,7.7438876953125,1.0751924514770508,2.623878002166748,1.5900280475616455
1761476145793924600,7.753924560546875,0.9216488003730774,2.547229290008545,2.150167226791382
1761476145803960600,7.763960693359375,0.8330222368240356,2.4162166118621826,2.4472908973693848
1761476145813996500,7.77399658203125,0.8353669047355652,2.2451541423797607,2.460602045059204
1761476145824032500,7.784032470703125,0.869908332824707,2.041281223297119,2.267991065979004
1761476145834069500,7.794069580078125,0.9331386089324951,2.2625837326049805,2.041877031326294
1761476145844105700,7.804105712890625,0.938530445098877,1.9611092805862427,1.9089592695236206
1761476145854141700,7.8141416015625,0.863637387752533,1.4937971830368042,1.8422037363052368
1761476145864178700,7.8241787109375,0.7372512221336365,1.2595343589782715,1.8713175058364868
1761476145874214700,7.834214599609375,0.5866312980651855,1.2191896438598633,1.8298845291137695
1761476145884250600,7.844250732421875,0.5090320706367493,1.2458182573318481,1.6874091625213623
1761476145894286600,7.85428662109375,0.5054951310157776,1.1889172792434692,1.398156762123108
1761476145904323600,7.864323486328125,0.5586811304092407,1.0103869438171387,0.9948580861091614
1761476145914359600,7.874359619140625,0.7026867866516113,0.6747528910636902,0.5748454332351685
1761476145924395500,7.8843955078125,0.8967404365539551,0.2436010092496872,0.25443679094314575
1761476145934431500,7.894431396484375,0.9749967455863953,-0.06632497161626816,0.019759349524974823
1761476145944468500,7.904468505859375,0.913372814655304,-0.2992439866065979,-0.3268819749355316
1761476145954504400,7.91450439453125,0.6609267592430115,-0.4638550281524658,-0.821417510509491
1761476145964540700,7.924540771484375,0.3894462287425995,-0.7139008045196533,-1.4135273694992065
1761476145974577700,7.93457763671875,0.15886366367340088,-0.9965534806251526,-1.9839191436767578
1761476145984613600,7.944613525390625,0.05706939101219177,-0.834233820438385,-2.305428981781006
1761476145994649600,7.954649658203125,0.13760991394519806,-0.24397249519824982,-2.3514580726623535
1761476146004685600,7.964685546875,0.17505475878715515,0.5904544591903687,-2.0985958576202393
1761476146014722600,7.97472265625,0.15953733026981354,1.37069833278656,-1.6367857456207275
1761476146024758500,7.984758544921875,0.14384065568447113,1.6289716958999634,-1.077040672302246
1761476146034794500,7.99479443359375,0.07906993478536606,1.2480862140655518,-0.5790467858314514
1761476146044828700,8.00482861328125,-0.058262623846530914,0.40245741605758667,-0.21729311347007751
1761476146054864600,8.01486474609375,-0.13564974069595337,-0.6096068620681763,-0.04432351887226105
1761476146064900600,8.024900634765626,-0.061874061822891235,-1.3462848663330078,-0.1868782639503479
1761476146074936600,8.0349365234375,0.13166137039661407,-1.538657546043396,-0.5314510464668274
1761476146084973600,8.0449736328125,0.4405433237552643,-0.9561152458190918,-0.7285625338554382
1761476146095009500,8.055009521484376,0.8044524192810059,-0.1403007060289383,-0.8633188605308533
1761476146105045500,8.06504541015625,0.9449620842933655,0.8306715488433838,-1.0230883359909058
1761476146115082500,8.07508251953125,0.8715150952339172,1.6055241823196411,-1.1188459396362305
1761476146125118500,8.085118408203124,0.567812442779541,1.8088750839233398,-1.0975966453552246
1761476146135154400,8.095154541015624,0.1635848432779312,1.4361093044281006,-0.9282369613647461
1761476146145190700,8.105190673828124,0.0027831774204969406,0.5455940365791321,-0.6498964428901672
1761476146155227600,8.1152275390625,0.01868836209177971,-0.5187409520149231,-0.3256431221961975
1761476146165263600,8.125263671875,0.004077993333339691,-1.4423038959503174,0.02594500221312046
1761476146175299600,8.135299560546875,-0.10473551601171494,-2.0605859756469727,0.28345435857772827
1761476146185336600,8.145336669921875,-0.25607284903526306,-2.1888740062713623,0.37286704778671265
1761476146195372500,8.15537255859375,-0.24644117057323456,-1.9376400709152222,0.3291676342487335
1761476146205408500,8.165408447265625,-0.17346948385238647,-1.1998754739761353,0.25503429770469666
1761476146215444500,8.175444580078125,-0.08838537335395813,-0.37347161769866943,0.12588714063167572
1761476146225481500,8.1854814453125,-0.07819771766662598,0.235648974776268,0.03908194229006767
1761476146235517400,8.195517333984375,-0.17654049396514893,0.6367393732070923,0.012350702658295631
1761476146245553400,8.205553466796875,-0.31578654050827026,0.7870221138000488,0.05003390088677406
1761476146255590700,8.215590576171875,-0.38063645362854004,0.5655080676078796,0.14400731027126312
1761476146265626600,8.225626708984375,-0.36928874254226685,0.17243851721286774,0.3259158730506897
1761476146275662600,8.23566259765625,-0.3339249789714813,-0.10553407669067383,0.6182156801223755
1761476146285698600,8.245698486328125,-0.2830553948879242,-0.24174277484416962,0.9826429486274719
1761476146295735600,8.255735595703126,-0.22425156831741333,-0.2872946262359619,1.3015491962432861
1761476146305767400,8.265767333984375,-0.19610142707824707,-0.1837935447692871,1.4939274787902832
1761476146315803400,8.275803466796875,-0.15054628252983093,-0.10133075714111328,1.5208323001861572
1761476146325840100,8.285840087890625,-0.06289073079824448,-0.25967937707901,1.3900846242904663
1761476146335876400,8.29587646484375,-0.03017279878258705,-0.2141534835100174,1.2301039695739746
1761476146345912300,8.305912353515625,-0.040961265563964844,-0.1184685081243515,1.1101291179656982
1761476146355948300,8.3159482421875,-0.06535764038562775,-0.01980258710682392,1.0873733758926392
1761476146365985300,8.3259853515625,-0.09102705121040344,0.043588634580373764,1.1237419843673706
1761476146376021500,8.336021484375,-0.10601601749658585,0.06981846690177917,1.1140841245651245
1761476146386057500,8.346057373046875,-0.15491990745067596,-0.01511160284280777,1.0069690942764282
1761476146396094200,8.35609423828125,-0.20900851488113403,-0.19379939138889313,0.8285557627677917
1761476146406130400,8.36613037109375,-0.24091798067092896,-0.29458725452423096,0.6309928894042969
1761476146416166400,8.37616650390625,-0.22344188392162323,-0.2386343777179718,0.4620586931705475
1761476146426202400,8.386202392578125,-0.09155469387769699,0.024465428665280342,0.33766669034957886
1761476146436239400,8.3962392578125,0.09146925806999207,0.5310394763946533,0.3648298382759094
1761476146446275300,8.406275390625,0.18283645808696747,1.0365809202194214,0.5164493918418884
1761476146456311300,8.416311279296876,0.09831617772579193,1.2843363285064697,0.6432713270187378
1761476146466348300,8.426348388671874,-0.10149227827787399,1.2707287073135376,0.723647952079773
1761476146476384300,8.43638427734375,-0.26154810190200806,1.0861632823944092,0.7211136817932129
1761476146486420200,8.446420166015624,-0.2995447516441345,0.7254319787025452,0.5573071837425232
1761476146496456400,8.45645654296875,-0.25567469000816345,0.21812066435813904,0.15959249436855316
1761476146506493400,8.466493408203124,-0.14021626114845276,-0.2794848382472992,-0.39739885926246643
1761476146516529400,8.476529296875,-0.06786240637302399,-0.6666959524154663,-0.9991815686225891
1761476146526565400,8.4865654296875,-0.10992065072059631,-0.9700811505317688,-1.5258840322494507
1761476146536602400,8.496602294921875,-0.2098226100206375,-0.8029159307479858,-1.8365806341171265
1761476146546638300,8.506638427734375,-0.2572311460971832,-0.3160723149776459,-2.0371522903442383
1761476146556674300,8.51667431640625,-0.2667580246925354,0.2817845344543457,-2.2154200077056885
1761476146566710300,8.526710205078125,-0.152193084359169,1.0444867610931396,-2.2058515548706055
1761476146576747300,8.536747314453125,0.05107731372117996,1.457440733909607,-1.9631181955337524
1761476146586783200,8.546783203125,0.1405629813671112,1.3102155923843384,-1.608007550239563
1761476146596819200,8.556819091796875,0.018046852201223373,0.9404444694519043,-1.1575452089309692
1761476146606856400,8.5668564453125,-0.14685261249542236,0.4089587330818176,-0.7008653283119202
1761476146616896300,8.576896240234374,-0.21099984645843506,-0.2110903263092041,-0.3942769467830658
1761476146626933200,8.586933349609374,-0.1699565351009369,-0.7000696063041687,-0.305233895778656
1761476146636969200,8.59696923828125,-0.07081785798072815,-0.8736639022827148,-0.36387544870376587
1761476146647005400,8.60700537109375,-0.018688874319195747,-0.8378859162330627,-0.4516489803791046
1761476146657042200,8.617042236328125,-0.06110275536775589,-0.5514526963233948,-0.523865282535553
1761476146667078100,8.627078125,-0.1603369265794754,-0.221110999584198,-0.559204638004303
1761476146677114400,8.6371142578125,-0.26784026622772217,-0.06897345185279846,-0.5028078556060791
1761476146687151000,8.647151123046875,-0.3291558027267456,-0.187581866979599,-0.3302485942840576
1761476146697187000,8.65718701171875,-0.3442741930484772,-0.5436396598815918,-0.08960597962141037
1761476146707223300,8.667223388671875,-0.33160579204559326,-0.9488939642906189,0.10247078537940979
1761476146717259300,8.67725927734375,-0.24493736028671265,-1.152502179145813,0.1568128764629364
1761476146727296300,8.687296142578125,-0.08551336079835892,-1.0654857158660889,0.07900836318731308
1761476146737332200,8.697332275390625,0.0934833362698555,-0.8086786866188049,-0.14309805631637573
1761476146747368400,8.707368408203125,0.2147727608680725,-0.4444303810596466,-0.43261852860450745
1761476146757405200,8.7174052734375,0.22682690620422363,-0.1658441573381424,-0.6775799989700317
1761476146767441200,8.727441162109375,0.15986011922359467,-0.1076013594865799,-0.8368410468101501
1761476146777477400,8.737477294921876,0.05873989313840866,-0.14517134428024292,-0.903508186340332
1761476146787513300,8.747513427734376,-0.021615663543343544,-0.11926065385341644,-0.8435593843460083
1761476146797550000,8.757550048828126,-0.05693409964442253,-0.005736923776566982,-0.6109558343887329
1761476146807586300,8.76758642578125,-0.04085260257124901,0.042823951691389084,-0.23338431119918823
1761476146817622300,8.777622314453126,-0.018612090498209,0.06381253898143768,0.2004634290933609
1761476146827659300,8.7876591796875,-0.004681095480918884,0.04339061677455902,0.581954836845398
1761476146837695500,8.797695556640624,0.0010414458811283112,0.0227779820561409,0.8773910403251648
1761476146847731500,8.8077314453125,-0.019576746970415115,0.02579747512936592,1.083309531211853
1761476146857767400,8.817767333984374,-0.04680243879556656,0.007644612807780504,1.1824363470077515
1761476146867804400,8.827804443359375,-0.06287887692451477,-0.05797913670539856,1.1807050704956055
1761476146877840400,8.83784033203125,-0.09127112478017807,-0.03309644013643265,1.1073659658432007
1761476146887876400,8.84787646484375,-0.09204930067062378,-0.01776808500289917,1.0266155004501343
1761476146897913300,8.857913330078125,-0.0667877271771431,0.009821631014347076,0.9450450539588928
1761476146907949300,8.86794921875,-0.028940482065081596,0.0778275802731514,0.9030057191848755
1761476146917985300,8.8779853515625,0.013830162584781647,0.2009255439043045,0.8813000917434692
1761476146928021200,8.888021240234375,0.05079057812690735,0.3214900493621826,0.8561697006225586
1761476146938058500,8.89805859375,0.04500158131122589,0.37132516503334045,0.8178437352180481
1761476146948094500,8.908094482421875,0.00954611785709858,0.371064692735672,0.7598121762275696
1761476146958130400,8.91813037109375,-0.03157496079802513,0.34894445538520813,0.6733582019805908
1761476146968167400,8.92816748046875,-0.07140040397644043,0.33832883834838867,0.6055163145065308
1761476146978203400,8.938203369140625,-0.10345694422721863,0.355539470911026,0.5908759236335754
1761476146988239400,8.9482392578125,-0.1221986711025238,0.38499242067337036,0.6473082900047302
1761476146998275300,8.958275390625,-0.1323382407426834,0.4699085056781769,0.7040504217147827
1761476147008312300,8.968312255859376,-0.1310681700706482,0.6301490664482117,0.6770382523536682
1761476147018348300,8.978348388671876,-0.0930447205901146,0.8253411054611206,0.5874844193458557
1761476147028384300,8.98838427734375,-0.029338710010051727,0.881498396396637,0.43391749262809753
1761476147038421200,8.998421142578126,0.03276848420500755,0.5797903537750244,0.16572457551956177
1761476147048457500,9.00845751953125,0.07428237050771713,-0.023085378110408783,-0.2539816200733185
1761476147058493400,9.018493408203126,0.100770503282547,-0.5894597768783569,-0.7703110575675964
1761476147068529400,9.028529296875,0.0880536437034607,-0.8525910377502441,-1.257633924484253
1761476147078566400,9.03856640625,0.003043888136744499,-0.8419445753097534,-1.6563541889190674
1761476147088602400,9.048602294921874,-0.17614902555942535,-0.5316077470779419,-1.9507197141647339
1761476147098638300,9.058638427734374,-0.353285551071167,-0.03901306167244911,-2.0850813388824463
1761476147108675300,9.06867529296875,-0.37561696767807007,0.465904176235199,-2.0337765216827393
1761476147118711300,9.078711181640625,-0.20324444770812988,0.9127109050750732,-1.7572343349456787
1761476147128747300,9.088747314453125,0.05654825270175934,1.1550921201705933,-1.2839274406433105
1761476147138784300,9.0987841796875,0.2355043888092041,0.9560450315475464,-0.786849856376648
1761476147148820200,9.1088203125,0.2548309564590454,0.4525986611843109,-0.35977551341056824
1761476147158856200,9.118856201171875,0.16269958019256592,-0.1702202707529068,-0.08174897730350494
1761476147168892400,9.128892333984375,-0.020176483318209648,-0.7431594133377075,-0.015318554826080799
1761476147178929400,9.138929443359375,-0.2144332230091095,-1.1225506067276,-0.10115797072649002
1761476147188965400,9.14896533203125,-0.3667047917842865,-1.1967658996582031,-0.21019390225410461
1761476147199001300,9.15900146484375,-0.43687164783477783,-0.9342483282089233,-0.29636359214782715
1761476147209038300,9.169038330078125,-0.4266214072704315,-0.5077619552612305,-0.36032551527023315
1761476147219074300,9.17907421875,-0.38200414180755615,-0.15459543466567993,-0.3992711305618286
1761476147229110300,9.1891103515625,-0.33622440695762634,-0.017731059342622757,-0.4428146183490753
1761476147239146200,9.199146240234375,-0.2720761299133301,-0.06471090018749237,-0.48804596066474915
1761476147249183200,9.209183349609376,-0.18521259725093842,-0.21987678110599518,-0.5717008709907532
1761476147259219200,9.21921923828125,-0.11307188868522644,-0.3473908305168152,-0.6865252256393433
1761476147269255200,9.229255126953126,-0.0765591561794281,-0.382933109998703,-0.7844600081443787
1761476147279292400,9.23929248046875,-0.08592181652784348,-0.34711527824401855,-0.8516178727149963
1761476147289328400,9.249328369140626,-0.13322089612483978,-0.2724626064300537,-0.8700078129768372
1761476147299365400,9.259365478515624,-0.1672399938106537,-0.17862895131111145,-0.8343684077262878
1761476147309401300,9.2694013671875,-0.16182659566402435,-0.06035769730806351,-0.7247553467750549
1761476147319438300,9.279438232421874,-0.11497677117586136,0.12164381146430969,-0.48928844928741455
1761476147329474300,9.289474365234375,-0.0450805127620697,0.24379155039787292,-0.12354825437068939
1761476147339510300,9.29951025390625,0.015491902828216553,0.2691996097564697,0.2613103687763214
1761476147349547300,9.30954736328125,0.06291455030441284,0.22561083734035492,0.6188381314277649
1761476147359583200,9.319583251953125,0.0878002941608429,0.12700104713439941,0.9060168862342834
1761476147369619200,9.329619140625,0.09061285853385925,0.03315551578998566,1.1040289402008057
1761476147379655200,9.3396552734375,0.08330422639846802,-0.015468092635273933,1.2053302526474
1761476147389692400,9.3496923828125,0.07744287699460983,-0.023827755823731422,1.2427895069122314
1761476147399728400,9.359728271484375,0.0754251480102539,-0.013317963108420372,1.2285048961639404
1761476147409764400,9.369764404296875,0.08377069234848022,0.012714169919490814,1.1627930402755737
1761476147419801300,9.37980126953125,0.0966363325715065,0.10462722927331924,1.0535122156143188
1761476147429837300,9.38983740234375,0.10688631236553192,0.26011162996292114,0.9283820390701294
1761476147439873300,9.399873291015625,0.10572510957717896,0.3749302625656128,0.8479158878326416
1761476147449909200,9.4099091796875,0.0903533473610878,0.39538970589637756,0.8385868072509766
1761476147459946200,9.4199462890625,0.06869760155677795,0.3082239627838135,0.8807536363601685
1761476147469982200,9.429982177734376,0.03838416934013367,0.21671853959560394,0.9249658584594727
1761476147480018200,9.44001806640625,0.02387045882642269,0.18866485357284546,0.9768512845039368
1761476147490055400,9.450055419921876,0.03148390352725983,0.21836255490779877,1.053209900856018
1761476147500091400,9.46009130859375,0.0673641636967659,0.2607685625553131,1.1288530826568604
1761476147510127400,9.47012744140625,0.13034285604953766,0.2888049781322479,1.2095301151275635
1761476147520163300,9.480163330078126,0.18034350872039795,0.31346461176872253,1.2736777067184448
1761476147530200300,9.490200439453124,0.19172799587249756,0.3905617892742157,1.2374815940856934
1761476147540236300,9.500236328125,0.19544848799705505,0.5256339311599731,1.054123878479004
1761476147550272300,9.510272216796874,0.1492181420326233,0.5731961131095886,0.6998826861381531
1761476147560309200,9.520309326171875,0.03174310922622681,0.42517006397247314,0.19858328998088837
1761476147570345200,9.53034521484375,-0.11747860163450241,0.05120366811752319,-0.37187352776527405
1761476147580381200,9.540381103515625,-0.29384714365005493,-0.4489714205265045,-0.9367373585700989
1761476147590417200,9.550417236328125,-0.44793257117271423,-0.7423908114433289,-1.3643726110458374
1761476147600454400,9.560454345703125,-0.5236855149269104,-0.6756337285041809,-1.5828946828842163
1761476147610490400,9.570490478515625,-0.479556679725647,-0.32693588733673096,-1.6454973220825195
1761476147620526300,9.5805263671875,-0.28751012682914734,0.2546951472759247,-1.5602190494537354
1761476147630563300,9.590563232421875,-0.01497952826321125,0.6888197064399719,-1.4057029485702515
1761476147640599300,9.600599365234375,0.272220253944397,0.8840149641036987,-1.2142786979675293
1761476147650635300,9.61063525390625,0.4119110405445099,0.8372154831886292,-1.031174898147583
1761476147660671200,9.620671142578125,0.32790523767471313,0.5066165328025818,-0.8995320200920105
1761476147670708200,9.630708251953125,0.13295625150203705,0.08716917783021927,-0.8159185647964478
1761476147680744200,9.640744140625,-0.0016348757781088352,-0.22302447259426117,-0.8081268072128296
1761476147690780200,9.6507802734375,-0.04153887927532196,-0.407978355884552,-0.8972137570381165
1761476147700817400,9.6608173828125,-0.05000399425625801,-0.4221697449684143,-1.0066559314727783
1761476147710853400,9.670853271484376,-0.04407952353358269,-0.3188020586967468,-1.0050218105316162
1761476147720889300,9.680889404296876,-0.04914321005344391,-0.24853107333183289,-0.8572239875793457
1761476147730925300,9.69092529296875,-0.05060208961367607,-0.30908817052841187,-0.5862329602241516
1761476147740962300,9.70096240234375,-0.04455479979515076,-0.5247882008552551,-0.31217408180236816
1761476147750998300,9.710998291015626,0.00047845393419265747,-0.7592395544052124,-0.1595456600189209
1761476147761034200,9.7210341796875,0.03564378619194031,-0.8943679332733154,-0.169809952378273
1761476147771071200,9.7310712890625,0.03807232528924942,-0.8623250722885132,-0.2790203094482422
1761476147781107200,9.741107177734374,0.02358713373541832,-0.6565569639205933,-0.4407975971698761
1761476147791143200,9.75114306640625,0.0015068678185343742,-0.37880739569664,-0.6090976595878601
1761476147801179100,9.76117919921875,0.0000030063092708587646,-0.1201092079281807,-0.7192608714103699
1761476147811216100,9.771216064453125,0.03514501452445984,0.05279599130153656,-0.7664350271224976
1761476147821252400,9.78125244140625,0.12215707451105118,0.1089571863412857,-0.7406936883926392
1761476147831288300,9.791288330078125,0.26299408078193665,0.11566808819770813,-0.6195003986358643
1761476147841325300,9.8013251953125,0.3954828977584839,0.11621670424938202,-0.402772456407547
1761476147851361300,9.811361328125,0.45362529158592224,0.14479321241378784,-0.06844345480203629
1761476147861397200,9.821397216796875,0.4103052318096161,0.17493140697479248,0.342279314994812
1761476147871433200,9.83143310546875,0.3089205324649811,0.16738134622573853,0.7628488540649414
1761476147881470200,9.84147021484375,0.19917933642864227,0.11578331142663956,1.108265995979309
1761476147891506200,9.851506103515625,0.09945167601108551,0.08062080293893814,1.3434652090072632
1761476147901542100,9.861542236328125,0.0061508659273386,0.06834322959184647,1.455976128578186
1761476147911578000,9.871578125,-0.05894691124558449,0.05507855862379074,1.4461877346038818
1761476147921615000,9.881614990234375,-0.0746430829167366,0.06267596781253815,1.3221793174743652
1761476147931651000,9.891651123046875,-0.0466519333422184,0.10472487658262253,1.145958423614502
1761476147941687300,9.901687255859375,0.023635726422071457,0.1504121571779251,0.9713212847709656
1761476147951724300,9.911724365234376,0.08665783703327179,0.1670776903629303,0.8215504288673401
1761476147961760300,9.92176025390625,0.12998397648334503,0.17545247077941895,0.7068155407905579
1761476147971796200,9.931796142578126,0.13896656036376953,0.17648205161094666,0.6041083335876465
1761476147981832200,9.941832275390626,0.1268806904554367,0.2543833255767822,0.5348958373069763
1761476147991869200,9.951869140625,0.10936107486486435,0.38508328795433044,0.5257758498191833
1761476148001905200,9.9619052734375,0.0652608871459961,0.49290817975997925,0.5805746912956238
1761476148011941000,9.971941162109376,0.004060381092131138,0.524678647518158,0.68015056848526
1761476148021978000,9.98197802734375,-0.04708913713693619,0.48553305864334106,0.7976431846618652
1761476148032014000,9.99201416015625,-0.08040741831064224,0.42190322279930115,0.9025214314460754
1761476148042050000,10.002050048828124,-0.09375547617673874,0.3388761878013611,1.0050573348999023
1761476148052086000,10.0120859375,-0.09482181072235107,0.2691847085952759,1.092340111732483
1761476148062123300,10.022123291015625,-0.07293854653835297,0.31135648488998413,1.180670976638794
1761476148072159200,10.0321591796875,-0.04184267669916153,0.39145079255104065,1.2506675720214844
1761476148082195200,10.0421953125,0.02287166565656662,0.4037485420703888,1.2279224395751953
1761476148092231200,10.052231201171875,0.11411342769861221,0.3589603006839752,1.1175131797790527
1761476148102268200,10.06226806640625,0.18183353543281555,0.24066340923309326,0.8932817578315735
1761476148112304000,10.07230419921875,0.1687515527009964,0.07260090112686157,0.4747217893600464
1761476148122340000,10.082340087890625,0.08090759813785553,-0.16669461131095886,-0.08003846555948257
1761476148132377000,10.092377197265625,-0.07755395025014877,-0.36739709973335266,-0.6470702290534973
1761476148142413000,10.1024130859375,-0.23553480207920074,-0.5392112731933594,-1.126560091972351
1761476148152449000,10.112448974609375,-0.35798853635787964,-0.6344459056854248,-1.5140526294708252
1761476148162485200,10.1224853515625,-0.35112881660461426,-0.6345891952514648,-1.892549753189087
1761476148172522200,10.132522216796875,-0.1614403873682022,-0.23924878239631653,-2.0735280513763428
1761476148182558200,10.14255810546875,0.08011292666196823,0.3947125971317291,-1.926292061805725
1761476148192594200,10.15259423828125,0.27157503366470337,0.8477554321289062,-1.4946792125701904
1761476148202630400,10.16263037109375,0.41805148124694824,0.8915843367576599,-0.9236383438110352
1761476148212667100,10.172667236328126,0.4127941131591797,0.5946983098983765,-0.3894761800765991
1761476148222703000,10.182703125,0.277703195810318,0.16694360971450806,-0.045466117560863495
1761476148232739300,10.1927392578125,0.0976460874080658,-0.21309693157672882,-0.011214672587811947
1761476148242775300,10.202775390625,-0.06779906898736954,-0.397017240524292,-0.2651662826538086
1761476148252812000,10.21281201171875,-0.1857994645833969,-0.2836022675037384,-0.6145244836807251
1761476148262848300,10.22284814453125,-0.2682969272136688,0.020029611885547638,-0.9217507243156433
1761476148272884200,10.23288427734375,-0.3260883092880249,0.3898729085922241,-1.1107118129730225
1761476148282920200,10.242920166015624,-0.33822396397590637,0.6287176012992859,-1.1484416723251343
1761476148292957200,10.252957275390624,-0.23869925737380981,0.5655002593994141,-1.046166181564331
1761476148302993200,10.2629931640625,-0.03442206233739853,0.24538958072662354,-0.8325645327568054
1761476148313029000,10.273029052734374,0.13895638287067413,-0.2060801386833191,-0.5736320614814758
1761476148323065000,10.283065185546874,0.13955232501029968,-0.590335488319397,-0.33970844745635986
1761476148333102000,10.29310205078125,-0.027525344863533974,-0.7647046446800232,-0.18966995179653168
1761476148343138300,10.30313818359375,-0.26113635301589966,-0.6677209138870239,-0.1643778383731842
1761476148353174300,10.31317431640625,-0.4662860333919525,-0.4236328899860382,-0.28833892941474915
1761476148363210200,10.323210205078125,-0.569907009601593,-0.17587421834468842,-0.47796469926834106
1761476148373247200,10.333247314453125,-0.5728244781494141,0.002320551313459873,-0.6709602475166321
1761476148383283200,10.343283203125,-0.4941956102848053,0.11634654551744461,-0.7455070614814758
1761476148393319200,10.353319091796875,-0.3546113669872284,0.1887376606464386,-0.6541361212730408
1761476148403355100,10.363355224609375,-0.1970321536064148,0.2016257494688034,-0.4393770396709442
1761476148413392100,10.37339208984375,-0.07097569108009338,0.12393788248300552,-0.09267741441726685
1761476148423428000,10.383427978515625,0.03034934587776661,0.01412270125001669,0.319502592086792
1761476148433464000,10.393464111328125,0.097405344247818,-0.019097037613391876,0.7074825167655945
1761476148443500000,10.4035,0.09745645523071289,-0.007552427239716053,1.0226433277130127
1761476148453537000,10.413537109375,0.06470170617103577,0.013743273913860321,1.2592588663101196
1761476148463573200,10.4235732421875,-0.011754387989640236,-0.04434097930788994,1.3711533546447754
